 Komoditas (Rp) ;23/12/2022;24/12/2022;25/12/2022;26/12/2022;27/12/2022;28/12/2022;29/12/2022;30/12/2022;31/12/2022;01/01/2023;02/01/2023;03/01/2023;04/01/2023;05/01/2023;06/01/2023;07/01/2023;08/01/2023;09/01/2023;10/01/2023;11/01/2023;12/01/2023;13/01/2023;14/01/2023;15/01/2023;16/01/2023;17/01/2023;18/01/2023;19/01/2023;20/01/2023;21/01/2023;22/01/2023;23/01/2023;24/01/2023;25/01/2023;26/01/2023;27/01/2023;28/01/2023;29/01/2023;30/01/2023;31/01/2023;01/02/2023;02/02/2023;03/02/2023;04/02/2023;05/02/2023;06/02/2023;07/02/2023;08/02/2023;09/02/2023;10/02/2023;11/02/2023;12/02/2023;13/02/2023;14/02/2023;15/02/2023;16/02/2023;17/02/2023;18/02/2023;19/02/2023;20/02/2023;21/02/2023;22/02/2023;23/02/2023;24/02/2023;25/02/2023;26/02/2023;27/02/2023;28/02/2023;01/03/2023;02/03/2023;03/03/2023;04/03/2023;05/03/2023;06/03/2023;07/03/2023;08/03/2023;09/03/2023;10/03/2023;11/03/2023;12/03/2023;13/03/2023;14/03/2023;15/03/2023;16/03/2023;17/03/2023;18/03/2023;19/03/2023;20/03/2023;21/03/2023;22/03/2023;23/03/2023;24/03/2023;25/03/2023;26/03/2023;27/03/2023;28/03/2023;29/03/2023;30/03/2023;31/03/2023;01/04/2023;02/04/2023;03/04/2023;04/04/2023;05/04/2023;06/04/2023;07/04/2023;08/04/2023;09/04/2023;10/04/2023;11/04/2023;12/04/2023;13/04/2023;14/04/2023;15/04/2023;16/04/2023;17/04/2023;18/04/2023;19/04/2023;20/04/2023;21/04/2023;22/04/2023;23/04/2023;24/04/2023;25/04/2023;26/04/2023;27/04/2023;28/04/2023;29/04/2023;30/04/2023;01/05/2023;02/05/2023;03/05/2023;04/05/2023;05/05/2023;06/05/2023;07/05/2023;08/05/2023;09/05/2023;10/05/2023;11/05/2023;12/05/2023;13/05/2023;14/05/2023;15/05/2023;16/05/2023;17/05/2023;18/05/2023;19/05/2023;20/05/2023;21/05/2023;22/05/2023;23/05/2023;24/05/2023;25/05/2023;26/05/2023;27/05/2023;28/05/2023;29/05/2023;30/05/2023;31/05/2023;01/06/2023;02/06/2023;03/06/2023;04/06/2023;05/06/2023;06/06/2023;07/06/2023;08/06/2023;09/06/2023;10/06/2023;11/06/2023;12/06/2023;13/06/2023;14/06/2023;15/06/2023;16/06/2023;17/06/2023;18/06/2023;19/06/2023;20/06/2023;21/06/2023;22/06/2023;23/06/2023;24/06/2023;25/06/2023;26/06/2023;27/06/2023;28/06/2023;29/06/2023;30/06/2023;01/07/2023;02/07/2023;03/07/2023;04/07/2023;05/07/2023;06/07/2023;07/07/2023;08/07/2023;09/07/2023;10/07/2023;11/07/2023;12/07/2023;13/07/2023;14/07/2023;15/07/2023;16/07/2023;17/07/2023;18/07/2023;19/07/2023;20/07/2023;21/07/2023;22/07/2023;23/07/2023;24/07/2023;25/07/2023;26/07/2023;27/07/2023;28/07/2023;29/07/2023;30/07/2023;31/07/2023;01/08/2023;02/08/2023;03/08/2023;04/08/2023;05/08/2023;06/08/2023;07/08/2023;08/08/2023;09/08/2023;10/08/2023;11/08/2023;12/08/2023;13/08/2023;14/08/2023;15/08/2023;16/08/2023;17/08/2023;18/08/2023;19/08/2023;20/08/2023;21/08/2023;22/08/2023;23/08/2023;24/08/2023;25/08/2023;26/08/2023;27/08/2023;28/08/2023;29/08/2023;30/08/2023;31/08/2023;01/09/2023;02/09/2023;03/09/2023;04/09/2023;05/09/2023;06/09/2023;07/09/2023;08/09/2023;09/09/2023;10/09/2023;11/09/2023;12/09/2023;13/09/2023;14/09/2023;15/09/2023;16/09/2023;17/09/2023;18/09/2023;19/09/2023;20/09/2023;21/09/2023;22/09/2023;23/09/2023;24/09/2023;25/09/2023;26/09/2023;27/09/2023;28/09/2023;29/09/2023;30/09/2023;01/10/2023;02/10/2023;03/10/2023;04/10/2023;05/10/2023;06/10/2023;07/10/2023;08/10/2023;09/10/2023;10/10/2023;11/10/2023;12/10/2023;13/10/2023;14/10/2023;15/10/2023;16/10/2023;17/10/2023;18/10/2023;19/10/2023;20/10/2023;21/10/2023;22/10/2023;23/10/2023;24/10/2023;25/10/2023;26/10/2023;27/10/2023;28/10/2023;29/10/2023;30/10/2023;31/10/2023;01/11/2023;02/11/2023;03/11/2023;04/11/2023;05/11/2023;06/11/2023;07/11/2023;08/11/2023;09/11/2023;10/11/2023;11/11/2023;12/11/2023;13/11/2023;14/11/2023;15/11/2023;16/11/2023;17/11/2023;18/11/2023;19/11/2023;20/11/2023;21/11/2023;22/11/2023;23/11/2023;24/11/2023;25/11/2023;26/11/2023;27/11/2023;28/11/2023;29/11/2023;30/11/2023;01/12/2023;02/12/2023;03/12/2023;04/12/2023;05/12/2023;06/12/2023;07/12/2023;08/12/2023;09/12/2023;10/12/2023;11/12/2023;12/12/2023;13/12/2023;14/12/2023;15/12/2023;16/12/2023;17/12/2023;18/12/2023;19/12/2023;20/12/2023;21/12/2023;22/12/2023;23/12/2023;24/12/2023;25/12/2023;26/12/2023;27/12/2023;28/12/2023;29/12/2023;30/12/2023;31/12/2023;01/01/2024;02/01/2024;03/01/2024;04/01/2024;05/01/2024;06/01/2024;07/01/2024;08/01/2024;09/01/2024;10/01/2024;11/01/2024;12/01/2024;13/01/2024;14/01/2024;15/01/2024;16/01/2024;17/01/2024;18/01/2024;19/01/2024;20/01/2024;21/01/2024;22/01/2024;23/01/2024;24/01/2024;25/01/2024;26/01/2024;27/01/2024;28/01/2024;29/01/2024;30/01/2024;31/01/2024;01/02/2024;02/02/2024;03/02/2024;04/02/2024;05/02/2024;06/02/2024;07/02/2024;08/02/2024;09/02/2024;10/02/2024;11/02/2024;12/02/2024;13/02/2024;14/02/2024;15/02/2024;16/02/2024;17/02/2024;18/02/2024;19/02/2024;20/02/2024;21/02/2024;22/02/2024;23/02/2024;24/02/2024;25/02/2024;26/02/2024;27/02/2024;28/02/2024;29/02/2024;01/03/2024;02/03/2024;03/03/2024;04/03/2024;05/03/2024;06/03/2024;07/03/2024;08/03/2024;09/03/2024;10/03/2024;11/03/2024;12/03/2024;13/03/2024;14/03/2024;15/03/2024;16/03/2024;17/03/2024;18/03/2024;19/03/2024;20/03/2024;21/03/2024;22/03/2024;23/03/2024;24/03/2024;25/03/2024;26/03/2024;27/03/2024;28/03/2024;29/03/2024;30/03/2024;31/03/2024;01/04/2024;02/04/2024;03/04/2024;04/04/2024;05/04/2024;06/04/2024;07/04/2024;08/04/2024;09/04/2024;10/04/2024;11/04/2024;12/04/2024;13/04/2024;14/04/2024;15/04/2024;16/04/2024;17/04/2024;18/04/2024;19/04/2024;20/04/2024;21/04/2024;22/04/2024;23/04/2024;24/04/2024;25/04/2024;26/04/2024;27/04/2024;28/04/2024;29/04/2024;30/04/2024;01/05/2024;02/05/2024;03/05/2024;04/05/2024;05/05/2024;06/05/2024;07/05/2024;08/05/2024;09/05/2024;10/05/2024;11/05/2024;12/05/2024
Beras Premium;13.000;13.000;13.000;13.000;13.000;13.000;13.000;13.500;13.500;13.500;13.500;13.500;13.500;13.500;13.500;13.500;13.500;13.500;13.500;13.500;13.500;13.500;13.500;13.500;13.500;13.500;13.500;13.500;13.500;13.500;13.500;13.500;13.500;13.500;13.500;13.500;13.500;13.500;13.500;13.500;13.500;13.500;13.500;13.500;13.500;13.500;13.500;13.500;13.500;13.500;13.500;13.500;-;13.500;13.500;13.500;13.500;13.500;13.500;13.500;13.500;13.500;13.500;13.500;13.500;13.500;13.500;13.500;13.500;13.500;13.500;13.500;13.500;13.500;13.500;13.500;13.500;13.500;13.500;13.500;13.500;13.500;13.500;13.500;13.500;13.500;-;13.500;13.500;13.500;13.500;13.500;13.500;13.500;13.500;13.500;13.500;13.500;13.500;13.500;13.500;13.500;13.500;13.500;13.500;13.500;13.500;13.500;13.500;13.000;13.000;13.500;13.500;13.500;13.500;13.500;13.500;13.500;13.500;13.500;13.500;13.500;13.500;13.500;13.500;13.500;13.500;13.500;13.500;13.500;13.500;13.500;13.500;13.500;13.500;13.500;13.500;13.500;13.500;13.500;13.500;13.500;13.500;13.500;13.500;13.500;13.500;13.500;-;13.500;13.000;13.000;13.000;13.000;13.000;13.000;13.000;13.000;13.000;13.000;13.000;13.000;13.000;-;13.000;13.000;13.000;13.000;13.000;13.000;13.000;13.000;13.000;13.000;13.000;13.000;13.000;13.000;13.000;13.000;13.000;13.000;13.000;-;13.000;13.000;13.000;13.000;-;13.000;13.000;13.000;13.000;13.000;13.000;13.000;13.000;13.000;13.000;13.000;-;13.000;13.000;13.000;13.000;13.000;13.000;13.000;13.000;13.000;13.000;13.000;13.000;13.000;12.500;13.000;13.000;13.000;13.000;12.500;12.500;12.500;12.500;12.500;12.500;12.500;12.500;12.500;12.500;12.500;12.500;12.500;12.500;11.500;12.500;12.500;12.500;12.500;12.500;12.500;13.500;14.000;14.000;13.500;13.500;13.500;-;14.000;14.000;13.500;13.500;13.500;13.500;-;13.500;13.500;13.500;13.500;13.500;13.500;13.500;14.000;14.000;14.000;14.000;14.000;14.500;14.000;14.000;14.000;14.000;-;14.000;14.000;14.000;14.500;14.500;14.500;14.500;14.500;15.000;14.500;14.500;14.500;14.500;14.500;14.000;14.000;14.000;14.000;14.000;14.000;14.000;14.000;14.000;14.000;14.000;14.000;14.000;14.000;14.000;14.000;14.000;14.000;14.000;14.000;14.000;14.000;14.000;14.000;14.000;14.000;14.000;14.000;14.000;14.000;14.000;15.000;15.000;15.000;15.000;15.000;15.000;15.000;14.500;14.000;14.000;14.000;14.000;14.000;14.000;14.000;14.000;14.000;14.000;14.000;14.000;14.000;14.000;14.000;14.000;14.000;14.000;14.000;14.000;14.000;14.000;14.000;14.000;14.000;14.000;14.000;14.000;14.000;14.000;14.000;14.000;14.000;14.000;14.000;15.000;14.000;-;14.000;14.000;14.000;15.000;14.000;14.000;14.500;14.500;14.500;14.500;14.500;14.500;14.500;14.700;14.700;-;14.700;-;13.700;-;14.500;14.500;14.500;-;13.600;14.400;14.600;14.500;14.500;14.500;14.750;15.000;15.000;15.000;15.000;14.500;14.500;14.750;15.000;15.100;15.500;15.500;15.000;15.000;15.000;15.250;15.250;15.250;15.500;15.500;15.750;15.750;16.130;16.500;16.500;16.500;16.000;16.000;16.000;16.000;16.000;16.600;17.000;16.000;16.900;16.000;17.000;17.000;16.750;16.750;16.750;17.000;17.000;16.200;16.150;16.200;16.200;-;16.000;16.000;16.000;16.000;16.000;16.000;15.900;15.900;15.900;16.000;16.000;16.000;16.000;16.000;16.000;16.000;15.750;15.750;15.750;-;15.750;15.750;15.750;16.500;16.000;15.250;15.250;15.250;15.500;15.500;15.000;16.000;15.000;-;-;15.000;15.000;15.400;15.400;15.000;15.000;15.000;14.500;14.500;14.750;15.000;15.000;15.000;15.000;15.000;15.000;15.000;15.000;15.000;15.000;15.000;14.750;14.750;14.750;14.750;14.750;14.750;14.750;14.750;14.750;14.500
Beras Medium;11.000;11.000;11.000;11.000;11.000;11.000;11.000;11.500;11.500;11.500;11.500;11.500;11.500;11.500;11.500;10.500;11.500;11.500;11.500;11.500;11.500;11.500;11.500;11.500;11.500;11.500;11.500;11.500;11.500;11.500;11.500;11.500;11.500;11.500;11.500;11.500;11.500;11.500;11.500;11.500;11.500;11.400;11.500;11.500;11.500;11.500;11.500;11.500;11.500;11.500;11.500;11.500;-;11.500;11.500;11.500;11.500;11.500;11.500;11.500;11.500;11.500;11.500;11.500;11.500;11.500;11.500;11.500;11.500;11.500;11.500;11.500;11.500;11.500;11.500;11.500;11.500;11.500;11.500;11.500;11.500;11.500;11.500;11.500;11.500;11.500;-;11.500;11.500;11.500;11.500;11.500;11.500;11.500;11.500;11.500;11.500;11.500;11.500;11.500;11.500;11.500;11.500;11.500;11.500;11.500;11.500;11.500;11.500;11.000;11.000;11.500;11.500;11.500;11.500;11.500;11.500;11.500;11.500;11.500;11.500;11.500;11.500;11.500;11.500;11.500;11.500;11.500;11.500;11.500;11.500;11.500;11.500;11.500;11.500;11.500;11.500;11.500;11.500;11.500;11.500;11.500;11.500;11.500;11.500;11.500;11.500;11.500;-;11.500;11.000;11.000;11.000;11.000;11.000;11.000;11.000;11.000;11.000;11.000;11.000;11.000;11.000;-;11.000;11.000;11.000;11.000;11.000;11.000;11.000;11.000;11.000;11.000;11.000;11.000;11.000;11.000;11.000;11.000;11.000;11.000;11.000;-;11.000;11.000;11.000;11.000;-;11.000;11.000;11.000;11.000;11.000;11.000;11.000;11.000;11.000;11.000;11.000;-;11.000;11.000;11.000;11.000;11.000;11.000;11.000;11.000;11.000;11.000;11.000;11.000;11.000;11.000;11.000;11.000;11.000;11.000;11.000;11.000;11.000;11.000;11.000;11.000;11.000;11.000;11.000;11.000;11.000;11.000;11.000;11.000;11.000;11.000;11.000;11.000;11.000;11.500;11.500;12.000;12.000;12.000;12.000;12.000;12.000;-;12.000;12.000;12.000;12.000;12.000;12.000;-;12.000;12.000;12.000;12.000;12.000;12.000;12.000;12.500;12.000;12.000;12.000;12.000;12.500;12.500;12.500;12.500;12.500;-;12.500;12.500;12.000;13.000;12.500;12.500;12.500;12.500;13.000;13.000;13.000;13.000;13.000;13.000;13.000;13.000;13.000;13.000;13.000;13.000;13.000;13.000;13.000;13.000;13.000;13.000;13.000;13.000;13.000;13.000;13.000;13.000;13.000;13.000;13.000;13.000;13.000;13.000;13.000;13.000;13.000;13.000;12.500;12.500;12.500;12.500;12.000;12.500;12.500;12.500;12.500;12.500;12.500;12.500;12.500;12.500;12.500;12.500;12.500;12.500;12.500;12.500;12.500;12.500;12.500;12.500;12.500;12.500;12.500;12.500;12.500;12.500;12.500;12.500;12.500;12.500;12.500;12.500;12.500;12.500;12.500;12.500;12.500;12.500;12.500;12.500;12.500;12.500;12.500;12.500;-;12.500;12.500;12.500;12.500;12.500;12.500;12.500;12.500;12.500;12.500;12.500;12.500;12.500;13.200;13.300;-;13.300;-;12.700;-;13.500;13.500;13.500;-;14.400;13.600;13.400;13.500;13.500;13.600;14.000;13.500;13.500;13.500;11.600;14.250;12.300;13.000;13.400;13.600;14.000;14.000;14.500;14.500;14.250;14.300;14.300;14.300;14.750;14.750;13.600;13.600;13.600;13.500;13.500;13.500;14.300;14.300;14.300;14.500;14.500;15.500;15.500;14.500;15.500;14.500;14.700;14.700;14.000;14.500;14.500;14.500;15.500;15.000;14.700;14.700;15.000;-;15.000;15.000;15.000;15.000;15.000;14.800;14.800;14.800;14.800;15.000;15.000;15.000;15.000;15.000;15.000;15.000;14.130;14.130;14.130;-;14.130;14.130;14.130;14.500;14.200;13.600;13.600;13.600;13.800;13.800;14.000;14.500;14.000;-;-;14.000;14.000;14.000;14.000;14.000;14.000;14.000;13.800;13.800;13.900;14.000;14.000;14.000;14.000;13.500;13.500;13.000;13.000;13.000;13.000;12.500;12.500;12.500;12.500;12.500;12.500;12.500;12.500;12.500;12.500;12.500
Kedelai Biji Kering (Impor);14.500;14.500;14.500;14.500;14.500;14.500;14.500;13.500;14.500;14.500;14.500;14.500;14.500;14.500;14.500;14.500;14.500;14.500;14.000;14.500;14.000;14.000;14.500;14.000;14.000;14.000;14.000;14.000;14.000;14.000;14.000;14.000;14.000;14.000;14.000;14.000;14.000;14.000;14.000;14.000;14.000;14.000;14.000;13.000;13.000;13.000;13.000;13.000;13.000;13.000;13.000;13.000;-;13.000;13.000;13.000;13.000;13.000;13.000;13.000;13.000;13.000;13.000;13.000;13.000;13.000;13.000;13.000;13.000;13.000;13.000;13.000;13.000;13.000;13.000;13.000;13.000;13.000;13.000;13.000;13.000;13.000;13.000;13.000;13.000;13.000;-;13.000;13.000;13.000;13.000;13.000;13.000;13.000;13.000;12.500;13.000;12.500;12.500;12.500;12.500;12.500;12.500;12.500;12.500;12.500;12.500;12.500;12.500;12.500;12.500;12.500;12.500;12.500;12.500;12.500;12.500;12.000;12.500;12.500;12.500;12.500;12.000;12.000;12.000;12.000;12.000;12.000;12.000;12.000;12.000;12.000;12.000;12.000;11.500;11.500;11.000;11.500;11.500;11.500;11.500;11.500;11.500;11.500;11.500;11.500;11.500;11.500;-;11.500;11.500;11.500;10.500;10.500;10.500;10.500;10.500;10.500;10.500;10.500;10.500;10.500;10.500;-;10.500;10.500;10.500;10.500;10.500;10.500;10.500;10.500;10.500;10.500;10.500;10.500;10.500;10.500;10.500;10.600;10.600;10.600;10.600;-;10.000;10.000;10.000;10.000;-;10.000;10.000;10.000;10.000;10.000;10.000;10.000;10.000;10.000;10.000;10.000;-;10.000;10.000;10.000;10.000;10.000;10.000;10.000;10.000;10.000;10.000;10.000;11.000;11.000;11.000;11.000;11.200;11.200;11.200;11.200;11.200;11.200;11.200;11.200;11.200;11.200;10.500;10.500;10.500;10.500;10.500;10.500;10.500;11.000;11.000;11.000;11.000;11.000;11.000;11.200;11.200;11.200;11.200;11.200;11.200;11.200;-;11.200;11.200;11.200;11.200;11.200;11.200;-;11.200;11.200;11.200;11.200;11.200;11.200;11.200;11.200;11.200;11.200;10.200;11.200;11.200;11.200;11.200;11.200;11.200;-;11.200;11.200;11.200;11.200;11.200;11.200;11.200;11.200;11.200;11.200;11.200;11.500;11.200;11.200;11.200;11.200;11.200;11.200;11.200;11.200;11.200;11.200;11.200;11.200;11.200;12.100;12.100;12.100;12.100;12.100;12.100;12.100;12.100;12.100;12.100;12.100;12.100;12.100;12.100;12.200;12.100;12.100;12.500;12.500;12.500;12.500;12.500;12.500;12.500;12.500;12.500;12.500;12.500;12.500;12.500;12.500;12.500;12.500;12.500;12.500;12.500;12.500;12.500;12.500;12.500;12.500;12.500;12.500;12.500;12.500;12.500;12.500;12.500;12.500;12.500;12.500;12.500;12.500;12.500;12.500;12.500;12.500;12.500;12.500;12.500;12.500;12.500;12.500;12.500;12.500;-;12.500;12.500;12.500;12.500;12.500;12.500;12.500;12.500;12.500;12.500;12.000;12.000;12.000;12.000;12.000;-;12.000;-;12.000;-;13.000;12.700;12.900;-;12.700;12.700;12.880;12.900;13.000;13.000;13.000;13.000;13.000;12.000;12.000;12.000;12.700;12.800;12.900;12.900;13.000;13.000;12.400;12.400;12.500;12.500;12.500;12.500;12.600;12.600;12.600;12.600;12.600;12.600;12.600;12.600;12.750;12.800;12.800;12.800;12.800;12.800;12.800;12.800;11.500;11.700;11.800;11.800;11.800;11.800;11.800;11.800;11.800;11.800;11.900;11.900;12.000;-;12.000;12.000;12.000;12.000;12.000;12.000;12.000;12.000;12.000;11.000;11.000;11.000;11.000;11.000;11.000;11.000;11.000;11.000;11.000;-;11.000;11.000;11.000;11.000;11.000;11.000;11.000;11.000;11.000;11.000;11.000;11.000;12.000;-;-;12.000;12.000;12.000;12.000;12.000;12.000;12.000;12.000;12.000;12.000;12.000;12.000;12.000;12.000;12.000;12.000;12.500;12.500;12.500;12.500;11.000;11.000;11.000;11.000;11.000;11.000;11.000;11.200;11.200;11.200;11.200
Bawang Merah;36.000;36.000;36.000;36.000;36.000;36.000;36.000;36.000;36.000;36.000;36.000;36.000;36.000;36.000;36.000;36.000;36.000;36.000;35.000;35.000;36.000;36.000;36.000;38.000;38.000;38.000;38.000;38.000;38.000;38.000;38.000;38.000;38.000;40.000;40.000;40.000;40.000;40.000;40.000;40.000;40.000;40.000;40.000;45.000;45.000;43.000;43.000;43.000;46.000;46.000;45.000;45.000;-;45.000;46.000;40.000;40.000;40.000;40.000;40.000;40.000;40.000;42.000;40.000;40.000;40.000;40.000;40.000;40.000;40.000;40.000;35.000;35.000;35.000;35.000;35.000;35.000;35.000;35.000;35.000;35.000;35.000;35.000;34.000;35.000;35.000;-;35.000;35.000;32.000;32.000;35.000;32.000;35.000;35.000;32.000;32.000;32.000;32.000;32.000;32.000;32.000;32.000;32.000;32.000;32.000;32.000;32.000;32.000;32.000;32.000;32.000;32.000;32.000;32.000;38.000;38.000;38.000;32.000;38.000;32.000;38.000;38.000;38.000;38.000;36.000;36.000;36.000;36.000;36.000;36.000;36.000;36.000;36.000;36.000;36.000;36.000;36.000;40.000;40.000;40.000;40.000;40.000;40.000;40.000;40.000;40.000;40.000;-;40.000;40.000;40.000;40.000;40.000;40.000;40.000;40.000;38.000;38.000;38.000;38.000;38.000;38.000;-;38.000;38.000;38.000;38.000;38.000;38.000;38.000;38.000;38.000;38.000;38.000;38.000;38.000;38.000;38.000;38.000;38.000;36.000;36.000;-;38.000;38.000;38.000;38.000;-;38.000;38.000;40.000;40.000;40.000;40.000;40.000;40.000;40.000;40.000;40.000;-;40.000;40.000;40.000;40.000;40.000;30.000;30.000;30.000;30.000;28.000;28.000;26.000;26.000;26.000;26.000;26.000;26.000;26.000;26.000;26.000;26.000;26.000;24.000;24.000;24.000;23.000;24.000;24.000;24.000;26.000;26.000;26.000;24.000;24.000;24.000;24.000;24.000;28.000;28.000;25.000;25.000;25.000;25.000;25.000;25.000;-;25.000;25.000;23.000;22.000;22.000;22.000;-;20.000;20.000;20.000;20.000;20.000;20.000;20.000;20.000;20.000;20.000;20.000;20.000;20.000;20.000;20.000;20.000;20.000;-;20.000;20.000;20.000;17.000;18.000;17.000;17.000;17.000;18.000;18.000;20.000;20.000;24.000;24.000;24.000;20.000;20.000;20.000;20.000;20.000;20.000;22.000;22.000;22.000;22.000;22.000;22.000;22.000;22.000;20.000;20.000;20.000;20.000;20.000;20.000;18.000;20.000;20.000;20.000;20.000;20.000;22.000;22.000;22.000;22.000;20.000;20.000;20.000;22.000;22.000;22.000;22.000;28.000;28.000;28.000;28.000;30.000;30.000;30.000;30.000;30.000;30.000;30.000;30.000;28.000;28.000;28.000;28.000;28.000;28.000;30.000;30.000;30.000;28.000;30.000;30.000;34.000;34.000;34.000;34.000;35.000;35.000;35.000;35.000;35.000;35.000;35.000;32.000;33.000;33.000;-;32.000;32.000;32.000;38.000;35.000;32.000;35.000;38.000;40.000;40.000;35.000;38.000;35.000;38.300;40.600;-;40.000;-;40.300;-;40.800;45.000;45.000;-;32.700;32.000;40.700;27.400;35.000;34.700;31.000;30.500;30.000;31.000;36.000;32.000;35.000;31.000;32.500;32.500;32.500;32.500;33.200;32.000;31.000;32.500;33.000;33.000;35.700;36.000;32.000;33.000;33.000;32.500;32.500;33.000;34.000;32.000;33.000;30.000;30.000;32.000;35.000;35.000;36.000;37.000;35.000;35.000;32.500;35.500;35.000;35.000;34.000;35.000;33.000;32.000;36.000;-;35.000;33.000;35.000;35.000;32.000;31.000;30.000;30.000;30.000;32.500;32.500;34.000;34.000;34.000;38.700;38.700;33.500;33.500;33.500;-;42.000;33.800;36.000;35.000;35.000;35.000;35.000;45.000;47.500;47.500;58.300;54.000;60.000;-;-;60.000;50.000;47.000;47.000;58.300;58.300;58.300;62.500;64.000;63.000;63.000;60.000;60.000;59.000;62.500;62.500;55.000;55.000;58.000;51.250;59.000;50.000;50.000;55.000;55.000;52.500;52.500;53.000;51.000;50.000;52.500
Bawang Putih Bonggol;20.000;20.000;20.000;20.000;20.000;20.000;20.000;20.000;20.000;20.000;20.000;20.000;20.000;20.000;20.000;20.000;20.000;20.000;20.000;20.000;20.000;20.000;20.000;24.000;24.000;24.000;24.000;24.000;24.000;24.000;24.000;24.000;24.000;24.000;24.000;24.000;24.000;24.000;24.000;24.000;24.000;24.000;24.000;24.000;24.000;24.000;24.000;24.000;24.000;24.000;24.000;24.000;-;24.000;24.000;24.000;24.000;24.000;24.000;24.000;24.000;24.000;27.000;26.000;26.000;26.000;26.000;26.000;26.000;26.000;26.000;28.000;28.000;28.000;28.000;28.000;28.000;28.000;28.000;28.000;28.000;28.000;28.000;28.000;28.000;28.000;-;28.000;28.000;28.000;28.000;28.000;28.000;28.000;28.000;28.000;28.000;28.000;28.000;28.000;28.000;28.000;28.000;28.000;28.000;28.000;28.000;28.000;28.000;28.000;28.000;28.000;28.000;28.000;28.000;28.000;28.000;28.000;28.000;28.000;28.000;28.000;28.000;28.000;28.000;28.000;28.000;28.000;30.000;30.000;30.000;30.000;28.000;28.000;30.000;30.000;30.000;30.000;30.000;30.000;30.000;32.000;30.000;30.000;30.000;30.000;30.000;30.000;-;30.000;30.000;32.000;30.000;30.000;30.000;32.000;32.000;32.000;32.000;32.000;32.000;32.000;32.000;-;32.000;32.000;32.000;32.000;32.000;32.000;30.000;30.000;30.000;30.000;30.000;30.000;30.000;30.000;30.000;30.000;30.000;30.000;30.000;-;30.000;30.000;30.000;30.000;-;30.000;30.000;35.000;35.000;35.000;35.000;35.000;35.000;35.000;35.000;35.000;-;35.000;35.000;35.000;35.000;35.000;35.000;35.000;35.000;35.000;38.000;38.000;42.000;40.000;40.000;40.000;40.000;38.000;35.000;35.000;35.000;35.000;35.000;35.000;34.000;35.000;35.000;35.000;35.000;35.000;30.000;32.000;32.000;34.000;33.000;33.000;33.000;33.000;32.000;32.000;34.000;34.000;34.000;34.000;34.000;34.000;-;38.000;38.000;38.000;36.000;36.000;36.000;-;36.000;36.000;36.000;36.000;35.000;34.000;35.000;36.000;36.000;36.000;34.000;34.000;34.000;34.000;34.000;34.000;34.000;-;34.000;34.000;34.000;34.000;34.000;34.000;34.000;34.000;34.000;34.000;34.000;34.000;34.000;34.000;34.000;34.000;34.000;34.000;34.000;34.000;34.000;34.000;34.000;34.000;34.000;34.000;34.000;34.000;34.000;34.000;34.000;34.000;34.000;34.000;34.000;34.000;34.000;34.000;34.000;34.000;34.000;34.000;34.000;34.000;34.000;34.000;34.000;34.000;34.000;34.000;34.000;34.000;32.000;32.000;32.000;32.000;34.000;34.000;34.000;32.000;32.000;32.000;34.000;34.000;34.000;34.000;34.000;34.000;34.000;33.000;34.000;34.000;34.000;34.000;34.000;34.000;34.000;34.000;34.000;34.000;34.000;34.000;34.000;34.000;37.000;37.000;37.000;37.000;37.000;37.000;-;40.000;40.000;40.000;40.000;40.000;40.000;40.000;40.000;40.000;38.000;38.000;38.000;38.000;38.700;40.300;-;38.500;-;42.000;-;41.700;43.000;43.000;-;42.300;42.500;42.000;40.700;42.000;42.000;40.300;40.300;42.000;42.300;42.000;40.500;40.000;40.700;41.000;36.000;35.400;35.400;35.000;35.000;35.300;35.300;35.500;35.000;35.000;35.000;36.000;36.000;36.000;36.000;36.000;36.000;36.000;35.500;36.000;36.000;36.000;36.000;36.000;36.000;38.000;38.000;38.000;38.000;38.000;38.000;38.000;38.000;38.000;38.000;38.000;38.000;35.000;-;35.000;35.500;37.000;37.000;37.000;36.000;36.000;36.000;36.000;36.700;36.700;36.000;36.000;36.000;37.500;37.500;37.500;37.500;37.500;-;37.500;37.500;37.500;38.000;38.000;38.000;38.000;38.000;38.000;38.000;38.000;38.000;40.000;-;-;40.000;40.000;40.000;40.000;40.000;40.000;40.000;40.000;40.000;40.000;40.000;40.000;40.000;40.000;40.000;45.000;45.000;45.000;44.000;41.500;40.000;40.000;40.000;40.000;40.000;40.000;40.000;39.000;38.000;38.500;38.500
Cabai Merah Keriting;32.000;32.000;32.000;32.000;34.000;34.000;34.000;34.000;34.000;34.000;34.000;34.000;34.000;36.000;36.000;36.000;36.000;36.000;35.000;30.000;30.000;30.000;30.000;30.000;30.000;30.000;30.000;30.000;30.000;30.000;35.000;35.000;35.000;35.000;35.000;35.000;35.000;35.000;35.000;40.000;35.000;35.000;35.000;35.000;35.000;35.000;35.000;35.000;44.000;44.000;45.000;44.000;-;44.000;44.000;50.000;50.000;50.000;50.000;50.000;50.000;50.000;48.000;48.000;50.000;40.000;40.000;40.000;40.000;40.000;40.000;35.000;35.000;35.000;35.000;35.000;35.000;35.000;35.000;35.000;35.000;35.000;35.000;35.000;35.000;35.000;-;35.000;35.000;35.000;35.000;35.000;35.000;35.000;30.000;30.000;30.000;30.000;30.000;30.000;25.000;25.000;25.000;25.000;20.000;25.000;25.000;25.000;20.000;25.000;25.000;25.000;20.000;20.000;20.000;32.000;45.000;32.000;35.000;32.000;32.000;32.000;30.000;30.000;30.000;24.000;24.000;24.000;20.000;20.000;20.000;20.000;20.000;20.000;20.000;20.000;20.000;25.000;30.000;30.000;30.000;30.000;30.000;30.000;24.000;24.000;24.000;24.000;-;25.000;25.000;20.000;20.000;20.000;20.000;20.000;25.000;25.000;25.000;25.000;20.000;20.000;20.000;-;25.000;25.000;25.000;25.000;25.000;20.000;20.000;20.000;20.000;20.000;20.000;20.000;20.000;18.000;18.000;18.000;18.000;22.000;22.000;-;30.000;30.000;30.000;24.000;-;30.000;30.000;30.000;30.000;30.000;25.000;25.000;25.000;25.000;22.000;22.000;-;22.000;22.000;22.000;24.000;24.000;20.000;24.000;20.000;24.000;24.000;24.000;24.000;24.000;24.000;24.000;24.000;22.000;22.000;22.000;22.000;22.000;22.000;22.000;22.000;22.000;24.000;24.000;24.000;24.000;24.000;24.000;24.000;27.000;27.000;27.000;27.000;27.000;32.000;32.000;30.000;30.000;38.000;38.000;32.000;32.000;-;35.000;35.000;35.000;35.000;35.000;35.000;-;30.000;30.000;30.000;30.000;24.000;24.000;24.000;20.000;20.000;20.000;17.000;17.000;22.000;22.000;22.000;18.000;18.000;-;22.000;22.000;22.000;30.000;30.000;30.000;30.000;30.000;32.000;32.000;32.000;32.000;32.000;32.000;32.000;32.000;32.000;34.000;34.000;34.000;30.000;32.000;32.000;32.000;32.000;32.000;32.000;32.000;32.000;32.000;32.000;40.000;40.000;40.000;40.000;40.000;45.000;45.000;45.000;45.000;40.000;50.000;50.000;50.000;50.000;60.000;60.000;60.000;60.000;60.000;60.000;60.000;60.000;60.000;60.000;60.000;55.000;55.000;55.000;60.000;60.000;60.000;62.000;62.000;55.000;55.000;55.000;55.000;55.000;55.000;70.000;70.000;70.000;60.000;60.000;60.000;70.000;70.000;70.000;70.000;64.000;64.000;64.000;64.000;50.000;50.000;50.000;35.000;35.000;35.000;-;45.000;45.000;45.000;50.000;42.000;48.000;50.000;50.000;48.000;48.000;40.000;40.000;40.000;52.700;50.000;-;50.000;-;50.000;-;51.500;51.000;51.000;-;49.300;49.300;50.000;50.000;46.700;47.000;59.000;56.000;58.500;59.000;58.000;51.000;50.000;56.500;54.400;55.000;50.000;50.000;52.300;52.300;60.000;58.500;59.000;59.000;63.300;63.300;65.000;65.000;65.000;63.000;65.000;65.000;75.000;72.600;73.000;80.000;80.000;80.000;86.000;86.000;88.000;90.000;80.800;78.000;76.400;75.000;74.400;65.000;65.000;71.000;70.000;68.000;70.000;-;65.000;64.000;58.400;58.400;59.800;57.700;58.000;57.000;49.700;40.000;40.000;50.000;50.000;50.000;33.500;33.500;30.000;30.000;30.000;-;32.000;30.300;32.000;30.000;30.000;34.400;34.400;32.000;41.500;41.500;54.000;52.500;46.700;-;-;60.000;42.500;37.500;35.000;31.700;31.700;31.700;35.300;30.000;31.700;31.700;36.000;36.000;36.000;32.000;32.000;45.000;45.000;40.000;39.400;36.000;36.500;36.500;33.100;33.100;32.000;32.000;32.500;32.000;32.000;27.500
Cabai Rawit Merah;42.000;44.000;44.000;44.000;48.000;48.000;48.000;48.000;48.000;50.000;48.000;48.000;48.000;55.000;55.000;55.000;55.000;55.000;50.000;50.000;50.000;50.000;50.000;40.000;40.000;40.000;40.000;40.000;40.000;40.000;45.000;45.000;45.000;50.000;50.000;50.000;50.000;50.000;40.000;50.000;50.000;45.000;45.000;45.000;45.000;45.000;45.000;45.000;52.000;52.000;55.000;52.000;-;52.000;52.000;65.000;60.000;65.000;65.000;65.000;65.000;65.000;64.000;64.000;40.000;60.000;55.000;55.000;55.000;55.000;55.000;65.000;64.000;64.000;65.000;65.000;65.000;65.000;65.000;65.000;65.000;65.000;65.000;70.000;70.000;70.000;-;70.000;70.000;70.000;70.000;70.000;70.000;70.000;35.000;32.000;32.000;32.000;32.000;32.000;30.000;30.000;30.000;30.000;30.000;30.000;30.000;30.000;30.000;28.000;28.000;28.000;25.000;25.000;25.000;30.000;40.000;30.000;32.000;35.000;35.000;40.000;25.000;25.000;25.000;20.000;20.000;20.000;20.000;20.000;20.000;20.000;20.000;20.000;20.000;20.000;20.000;20.000;30.000;30.000;30.000;30.000;30.000;30.000;26.000;26.000;26.000;26.000;-;35.000;35.000;35.000;35.000;35.000;35.000;35.000;35.000;35.000;35.000;35.000;32.000;32.000;35.000;-;40.000;40.000;40.000;40.000;40.000;35.000;35.000;35.000;35.000;35.000;35.000;35.000;30.000;20.000;20.000;20.000;20.000;22.000;22.000;-;24.000;24.000;24.000;30.000;-;24.000;24.000;20.000;20.000;20.000;18.000;18.000;18.000;18.000;22.000;22.000;-;22.000;22.000;24.000;22.000;22.000;24.000;20.000;24.000;20.000;18.000;18.000;18.000;22.000;22.000;22.000;22.000;26.000;30.000;32.000;32.000;32.000;32.000;35.000;35.000;32.000;40.000;40.000;40.000;40.000;35.000;35.000;35.000;35.000;35.000;40.000;40.000;40.000;35.000;35.000;35.000;34.000;35.000;35.000;30.000;30.000;-;26.000;26.000;24.000;22.000;22.000;22.000;-;20.000;18.000;18.000;18.000;17.000;17.000;17.000;15.000;15.000;15.000;18.000;18.000;22.000;22.000;22.000;16.000;16.000;-;20.000;20.000;20.000;24.000;24.000;24.000;24.000;24.000;24.000;24.000;22.000;22.000;32.000;32.000;32.000;32.000;32.000;36.000;36.000;36.000;36.000;38.000;38.000;38.000;42.000;42.000;42.000;42.000;42.000;50.000;50.000;55.000;55.000;55.000;55.000;55.000;60.000;60.000;70.000;70.000;70.000;60.000;60.000;60.000;60.000;75.000;75.000;75.000;75.000;75.000;70.000;75.000;72.000;72.000;72.000;75.000;78.000;78.000;78.000;80.000;80.000;80.000;90.000;90.000;80.000;80.000;80.000;80.000;80.000;80.000;85.000;85.000;85.000;80.000;80.000;80.000;80.000;80.000;80.000;80.000;82.000;82.000;82.000;82.000;80.000;80.000;80.000;65.000;65.000;65.000;-;68.000;68.000;68.000;75.000;72.000;72.000;72.000;70.000;70.000;70.000;60.000;60.000;60.000;71.000;62.500;-;50.000;-;51.700;-;45.000;42.000;33.300;-;39.300;46.700;41.400;41.000;40.000;41.000;39.000;39.500;32.500;34.500;39.000;36.500;32.000;33.500;32.400;33.000;40.000;40.000;35.700;36.000;35.000;34.500;35.000;35.500;34.300;34.300;45.000;45.000;55.000;48.500;48.500;48.000;68.400;62.700;63.000;75.500;78.000;80.000;77.000;77.000;85.000;86.000;65.000;62.000;67.500;65.000;65.000;57.000;60.000;70.000;62.500;59.000;60.000;-;65.000;64.500;50.700;50.700;58.000;44.850;58.000;55.000;48.000;40.000;40.000;46.300;46.300;46.300;36.500;36.500;30.000;30.000;30.000;-;30.000;35.400;28.000;30.000;30.000;34.000;34.000;30.000;37.000;37.000;54.000;47.500;43.300;-;-;42.500;36.250;35.500;31.000;30.700;30.700;30.700;35.000;27.700;31.000;31.000;32.000;32.000;32.000;32.000;32.000;37.500;37.500;30.000;30.300;27.500;23.500;23.500;21.750;21.750;22.000;22.000;21.800;19.000;21.000;22.500
Daging Sapi Murni;135.000;135.000;135.000;135.000;135.000;135.000;135.000;135.000;135.000;135.000;135.000;135.000;135.000;135.000;135.000;135.000;135.000;135.000;135.000;135.000;135.000;135.000;135.000;135.000;135.000;135.000;135.000;135.000;135.000;135.000;135.000;135.000;135.000;135.000;135.000;135.000;135.000;135.000;135.000;135.000;135.000;135.000;135.000;135.000;135.000;135.000;135.000;135.000;135.000;135.000;135.000;135.000;-;135.000;135.000;135.000;135.000;135.000;135.000;135.000;135.000;135.000;135.000;135.000;135.000;135.000;135.000;135.000;135.000;135.000;135.000;130.000;130.000;130.000;130.000;130.000;130.000;130.000;130.000;130.000;130.000;130.000;130.000;130.000;130.000;130.000;-;130.000;130.000;130.000;130.000;130.000;130.000;130.000;130.000;130.000;130.000;130.000;130.000;130.000;130.000;130.000;130.000;130.000;130.000;130.000;130.000;130.000;130.000;130.000;130.000;130.000;130.000;130.000;130.000;135.000;140.000;150.000;150.000;150.000;150.000;150.000;140.000;140.000;140.000;140.000;140.000;140.000;135.000;135.000;135.000;135.000;135.000;135.000;135.000;135.000;135.000;135.000;135.000;135.000;135.000;135.000;135.000;135.000;135.000;135.000;135.000;135.000;-;135.000;135.000;135.000;135.000;135.000;135.000;135.000;135.000;135.000;135.000;135.000;135.000;135.000;135.000;-;135.000;135.000;135.000;135.000;135.000;135.000;135.000;135.000;135.000;135.000;135.000;135.000;135.000;135.000;135.000;135.000;135.000;130.000;130.000;-;130.000;130.000;130.000;130.000;-;135.000;135.000;130.000;130.000;130.000;130.000;130.000;130.000;130.000;130.000;130.000;-;130.000;130.000;130.000;130.000;130.000;130.000;130.000;130.000;130.000;130.000;130.000;135.000;130.000;130.000;130.000;130.000;130.000;130.000;130.000;130.000;130.000;135.000;130.000;130.000;130.000;130.000;130.000;130.000;130.000;130.000;130.000;130.000;130.000;130.000;130.000;130.000;130.000;130.000;130.000;130.000;130.000;135.000;130.000;130.000;130.000;-;130.000;130.000;130.000;130.000;130.000;130.000;-;130.000;130.000;130.000;130.000;130.000;130.000;130.000;130.000;130.000;130.000;135.000;130.000;130.000;130.000;130.000;130.000;130.000;-;130.000;130.000;130.000;130.000;130.000;130.000;130.000;130.000;130.000;130.000;130.000;130.000;130.000;130.000;130.000;130.000;130.000;130.000;130.000;130.000;130.000;130.000;130.000;130.000;130.000;130.000;130.000;130.000;130.000;130.000;130.000;130.000;130.000;130.000;130.000;130.000;130.000;130.000;130.000;130.000;130.000;130.000;130.000;130.000;130.000;130.000;130.000;130.000;130.000;130.000;130.000;130.000;130.000;130.000;130.000;130.000;130.000;130.000;130.000;130.000;130.000;130.000;130.000;130.000;130.000;130.000;130.000;130.000;130.000;130.000;130.000;130.000;130.000;130.000;130.000;130.000;130.000;130.000;130.000;130.000;130.000;130.000;130.000;130.000;130.000;130.000;130.000;130.000;130.000;130.000;-;130.000;130.000;130.000;130.000;130.000;130.000;130.000;130.000;130.000;130.000;130.000;130.000;130.000;130.000;132.500;-;132.000;-;132.000;-;131.700;131.700;131.700;-;131.700;131.700;131.700;131.700;131.700;131.700;131.700;131.700;131.700;131.700;131.700;131.700;131.700;131.700;131.700;131.700;131.700;131.700;131.700;131.700;131.700;131.700;131.700;131.700;131.700;131.700;131.700;131.700;131.700;131.700;131.700;131.700;131.700;131.700;131.700;131.700;131.700;131.700;131.700;131.700;131.700;131.700;131.700;131.700;131.700;131.700;131.700;131.700;131.700;131.700;131.700;131.700;131.700;-;131.700;131.700;131.700;131.700;131.700;131.700;131.700;131.700;131.700;131.700;131.700;131.700;131.700;131.700;131.700;131.700;131.700;131.700;131.700;-;131.700;131.700;131.700;131.700;131.700;131.700;131.700;131.700;131.700;131.700;140.000;142.500;157.500;-;-;150.000;137.500;131.000;131.000;131.000;131.000;131.000;131.000;131.000;131.000;131.000;131.000;131.000;131.000;131.000;131.000;131.000;131.000;131.000;131.000;131.000;131.000;131.000;131.000;131.000;131.000;131.000;131.000;131.000;131.000;131.000
Daging Ayam Ras;34.000;35.000;35.000;35.000;35.000;35.000;35.000;35.000;35.000;33.000;33.000;33.000;33.000;33.000;33.000;33.000;33.000;33.000;32.000;32.000;32.000;32.000;32.000;32.000;32.000;30.000;30.000;30.000;30.000;30.000;30.000;30.000;30.000;30.000;30.000;30.000;30.000;30.000;28.000;28.000;28.000;28.000;28.000;28.000;28.000;30.000;30.000;30.000;32.000;32.000;32.000;32.000;-;32.000;32.000;30.000;30.000;30.000;30.000;30.000;30.000;30.000;30.000;30.000;30.000;30.000;32.000;30.000;30.000;30.000;30.000;30.000;30.000;30.000;30.000;30.000;30.000;30.000;32.000;32.000;32.000;32.000;32.000;32.000;34.000;32.000;-;34.000;34.000;34.000;34.000;34.000;34.000;34.000;34.000;32.000;32.000;32.000;32.000;30.000;32.000;32.000;32.000;32.000;32.000;32.000;32.000;30.000;30.000;32.000;32.000;32.000;34.000;34.000;34.000;35.000;35.000;35.000;38.000;38.000;38.000;38.000;38.000;38.000;38.000;36.000;35.000;34.000;35.000;35.000;35.000;33.000;33.000;33.000;33.000;33.000;32.000;32.000;32.000;35.000;35.000;35.000;35.000;35.000;35.000;35.000;35.000;35.000;-;38.000;38.000;38.000;38.000;38.000;38.000;38.000;36.000;35.000;35.000;35.000;36.000;37.000;38.000;-;38.000;38.000;38.000;38.000;38.000;37.000;37.000;35.000;35.000;35.000;38.000;38.000;38.000;40.000;40.000;38.000;38.000;40.000;40.000;-;39.000;39.000;39.000;38.000;-;38.000;38.000;39.000;39.000;39.000;39.000;39.000;39.000;39.000;40.000;40.000;-;40.000;40.000;40.000;40.000;40.000;40.000;40.000;40.000;40.000;39.000;39.000;38.000;38.000;38.000;35.000;35.000;35.000;35.000;35.000;34.000;32.000;32.000;32.000;34.000;34.000;34.000;34.000;34.000;34.000;34.000;34.000;36.000;37.000;37.000;37.000;37.000;37.000;37.000;37.000;36.000;36.000;36.000;37.000;37.000;37.000;-;38.000;38.000;38.000;37.000;36.000;35.000;-;36.000;36.000;36.000;36.000;36.000;36.000;36.000;36.000;36.000;36.000;36.000;36.000;36.000;36.000;36.000;36.000;35.000;-;36.000;35.000;35.000;33.000;33.000;33.000;33.000;34.000;34.000;34.000;34.000;34.000;34.000;34.000;34.000;34.000;34.000;35.000;35.000;35.000;35.000;35.000;35.000;33.000;35.000;35.000;35.000;35.000;35.000;35.000;34.000;34.000;34.000;34.000;34.000;34.000;34.000;34.000;33.000;33.000;33.000;32.000;33.000;33.000;33.000;34.000;34.000;34.000;33.000;33.000;33.000;33.000;34.000;34.000;34.000;34.000;34.000;34.000;34.000;33.000;33.000;34.000;33.000;33.000;32.000;32.000;32.000;32.000;32.000;32.000;30.000;30.000;30.000;30.000;30.000;30.000;30.000;30.000;30.000;32.000;32.000;32.000;32.000;32.000;32.000;32.000;32.000;30.000;30.000;30.000;-;30.000;32.000;32.000;32.000;32.000;32.000;34.000;34.000;34.000;34.000;32.000;32.000;32.000;32.500;32.300;-;31.700;-;31.300;-;32.000;31.700;31.700;-;31.300;32.000;31.300;31.300;32.000;31.300;32.000;32.000;31.700;32.000;32.000;26.000;32.000;32.000;31.400;31.400;31.400;31.600;31.700;31.700;31.700;32.000;32.000;32.000;33.500;33.500;33.500;33.500;34.000;33.500;33.500;33.500;34.000;34.000;34.000;34.000;34.000;34.000;33.000;33.000;34.000;34.300;34.400;34.400;34.500;34.500;34.500;37.500;38.000;40.000;39.500;39.500;39.500;-;39.400;39.400;39.000;39.000;39.000;39.000;38.500;38.000;38.000;38.000;38.000;38.000;38.000;38.000;38.300;38.300;38.300;38.300;38.300;-;38.300;37.400;37.400;38.000;38.000;37.500;37.500;38.000;37.500;37.500;39.500;40.000;40.000;-;-;44.000;42.000;41.000;41.000;38.500;38.500;38.500;36.000;38.000;36.000;36.000;35.000;35.000;35.000;34.300;34.300;35.000;35.000;36.000;35.300;35.700;34.000;34.000;36.500;36.500;36.500;36.000;36.000;36.000;37.000;38.000
Telur Ayam Ras;28.000;28.000;28.000;28.000;28.000;28.000;28.000;28.000;28.000;28.000;28.000;28.000;28.000;28.000;28.000;28.000;28.000;28.000;28.000;28.000;28.000;28.000;28.000;28.000;28.000;27.000;28.000;27.000;27.000;27.000;28.000;27.000;27.000;27.000;27.000;27.000;27.000;26.000;26.000;27.000;26.000;26.000;26.000;26.000;26.000;27.000;27.000;27.000;27.000;27.000;27.000;27.000;-;27.000;26.000;26.000;26.000;26.000;26.000;26.000;26.000;26.000;26.000;26.000;26.000;26.000;26.000;26.000;26.000;26.000;25.000;26.000;26.000;26.000;26.000;26.000;26.000;26.000;28.000;28.000;28.000;28.000;30.000;32.000;30.000;30.000;-;30.000;30.000;31.000;31.000;31.000;31.000;31.000;30.000;28.000;28.000;28.000;28.000;28.000;28.000;28.000;27.000;27.000;27.000;27.000;27.000;26.000;26.000;26.000;25.000;26.000;26.000;26.000;26.000;26.000;27.000;27.000;28.000;28.000;28.000;27.000;27.000;27.000;27.000;26.000;27.000;27.000;27.000;27.000;28.000;28.000;28.000;30.000;30.000;30.000;30.000;30.000;30.000;30.000;30.000;31.000;30.000;30.000;30.000;30.000;30.000;30.000;-;32.000;32.000;32.000;32.000;32.000;32.000;30.000;31.000;31.000;31.000;30.000;30.000;30.000;30.000;-;30.000;30.000;30.000;30.000;30.000;30.000;30.000;30.000;30.000;30.000;30.000;30.000;30.000;30.000;30.000;30.000;30.000;30.000;30.000;-;30.000;30.000;30.000;30.000;-;30.000;30.000;30.000;30.000;30.000;30.000;30.000;30.000;30.000;31.000;31.000;-;31.000;31.000;31.000;31.000;31.000;31.000;31.000;31.000;31.000;31.000;31.000;30.000;30.000;30.000;30.000;30.000;30.000;30.000;29.000;29.000;29.000;29.000;29.000;29.000;29.000;29.000;29.000;29.000;29.000;38.000;28.000;28.000;28.000;28.000;28.000;28.000;28.000;28.000;28.000;27.000;27.000;27.000;27.000;27.000;27.000;-;26.000;26.000;26.000;26.000;25.000;25.000;-;26.000;26.000;27.000;27.000;27.000;27.000;27.000;27.000;27.000;27.000;27.000;27.000;26.000;26.000;25.000;25.000;25.000;-;25.000;25.000;25.000;25.000;25.000;25.000;25.000;25.000;25.000;25.000;25.000;25.000;25.000;25.000;24.000;25.000;25.000;25.000;25.000;26.000;25.000;24.000;24.000;24.000;25.000;25.000;25.000;25.000;25.000;25.000;25.000;25.000;25.000;25.000;25.000;25.000;25.000;25.000;25.000;25.000;25.000;25.000;25.000;25.000;25.000;26.000;26.000;26.000;26.000;26.000;27.000;27.000;27.000;27.000;27.000;27.000;27.000;27.000;27.000;27.000;27.000;27.000;27.000;27.000;27.000;27.000;27.000;27.000;27.000;26.000;26.000;26.000;26.000;26.000;26.000;26.000;26.000;26.000;26.000;26.000;26.000;26.000;26.000;26.000;27.000;27.000;27.000;26.000;26.000;26.000;-;26.000;26.000;26.000;26.000;26.000;26.000;27.000;27.000;27.000;27.000;26.000;26.000;26.000;26.000;25.800;-;26.500;-;26.300;-;26.000;26.000;26.000;-;25.300;25.000;25.700;25.500;25.500;25.500;26.500;26.500;27.000;27.000;26.500;32.000;26.000;26.000;26.000;26.000;26.000;26.000;26.000;26.000;26.000;26.000;26.000;26.000;27.000;27.000;27.000;27.000;27.000;27.250;27.250;27.250;28.500;29.000;29.000;29.000;29.000;29.000;29.000;29.000;29.300;29.300;30.000;30.500;30.500;31.000;31.000;31.000;31.000;31.500;30.500;30.500;30.500;-;31.000;31.000;30.750;30.750;30.700;30.750;30.500;30.000;30.000;31.000;31.000;30.500;30.500;30.500;29.250;29.250;29.500;29.500;29.500;-;27.000;27.000;27.000;26.500;26.500;26.200;26.200;26.200;26.200;26.200;26.000;26.000;27.000;-;-;27.000;27.000;27.500;27.500;27.000;27.000;27.000;29.000;28.000;27.000;27.000;28.000;28.000;28.000;27.500;27.500;29.000;29.000;29.000;29.000;29.000;29.000;29.000;30.000;30.000;30.000;30.000;29.750;29.000;28.500;29.000
Gula Konsumsi;13.000;13.000;13.000;13.000;13.000;13.000;13.000;13.000;13.000;13.000;13.000;13.000;13.000;13.000;13.000;13.000;13.000;13.000;13.000;13.000;13.000;13.000;13.000;13.500;13.500;13.500;13.500;13.500;13.500;13.500;13.500;13.500;13.500;13.500;13.500;13.500;13.500;13.500;13.500;13.500;13.500;13.500;13.500;13.500;13.500;13.500;13.500;13.500;13.500;13.500;13.500;13.500;-;13.500;13.500;13.500;13.500;13.500;13.500;13.000;13.000;13.500;13.000;13.000;13.000;13.000;13.000;13.000;13.000;13.000;13.000;13.000;13.000;13.000;13.000;13.000;13.000;13.000;13.500;13.500;13.500;13.500;13.500;13.000;13.500;13.500;-;13.500;13.500;13.500;13.500;13.500;13.500;13.500;13.500;13.500;13.500;13.500;13.500;13.500;13.500;13.500;13.500;13.500;13.500;13.500;13.500;13.500;13.500;13.500;13.500;13.500;13.500;13.500;13.500;13.500;13.500;13.500;13.500;13.500;13.500;13.500;13.500;13.500;13.500;13.500;13.500;13.500;14.000;13.500;14.000;14.000;14.000;14.000;14.000;14.000;14.000;14.000;14.000;14.000;14.000;13.500;14.000;14.000;13.500;14.000;14.000;14.000;-;14.000;14.000;14.000;14.000;14.000;14.000;14.000;14.000;14.000;14.000;14.000;14.000;14.000;14.000;-;14.000;14.000;14.000;14.000;14.000;14.000;14.000;14.000;14.000;14.000;14.000;14.000;14.000;14.000;14.000;14.000;14.000;14.000;14.000;-;14.000;14.000;14.000;14.000;-;14.000;14.000;14.000;14.000;14.000;14.000;14.000;14.000;14.000;14.000;14.000;-;14.000;14.000;14.000;14.000;14.000;14.000;14.000;14.000;14.000;14.000;14.000;14.000;14.000;14.000;14.000;14.000;14.000;14.000;14.000;14.000;14.000;14.000;14.000;14.000;14.000;14.000;14.000;14.000;14.000;14.000;14.000;14.000;14.000;14.000;14.000;14.000;14.000;13.500;13.500;13.500;13.500;13.500;13.500;13.500;13.500;-;13.500;13.500;13.500;13.500;13.500;13.500;-;14.000;14.000;14.000;14.000;14.000;14.000;14.000;14.000;14.000;14.000;14.000;14.000;14.000;14.000;14.000;14.000;14.000;-;14.000;14.000;14.000;15.000;15.000;15.000;15.000;15.000;15.000;15.000;15.000;15.000;15.000;15.000;15.000;15.000;15.000;15.000;15.000;15.000;15.000;15.000;15.000;15.000;15.000;15.000;15.000;15.000;15.000;15.000;15.000;16.000;16.000;16.000;16.000;16.000;16.000;16.000;16.000;16.000;16.000;16.000;16.000;16.000;16.000;16.000;16.000;16.000;16.000;16.000;16.000;16.000;16.000;16.000;17.000;17.000;17.000;17.000;17.000;17.000;17.000;17.000;17.000;17.000;17.000;17.000;17.000;17.000;17.000;17.000;17.000;17.000;17.000;17.000;17.000;17.000;17.000;17.000;17.000;17.000;17.000;17.000;17.000;17.000;17.000;17.000;17.000;17.000;17.000;17.000;-;17.000;17.000;17.000;17.000;17.000;17.000;17.000;17.000;17.000;17.000;16.000;16.000;16.000;16.200;16.200;-;16.200;-;16.500;-;16.200;16.200;16.200;-;16.200;16.200;16.100;16.000;16.000;16.000;17.000;17.000;17.000;17.000;17.000;16.500;17.000;17.000;17.000;16.750;16.750;16.750;17.000;17.000;17.000;17.000;17.000;17.000;17.000;17.000;17.000;17.000;17.000;17.000;17.000;17.000;17.000;17.000;17.000;17.000;17.000;17.000;17.000;17.000;17.000;17.000;17.000;17.000;17.000;17.000;17.000;17.000;17.000;17.000;17.000;17.000;17.000;-;17.500;17.500;17.500;17.500;17.500;17.500;17.500;17.000;17.500;17.500;17.500;17.000;17.000;17.000;17.000;17.000;17.000;17.000;17.000;-;17.000;17.000;17.000;17.000;17.000;17.000;17.000;17.000;17.250;17.250;18.000;18.000;18.000;-;-;18.000;18.000;18.000;18.000;18.000;18.000;18.000;18.000;18.000;18.000;18.000;18.000;18.000;18.000;18.000;18.000;18.000;18.000;18.000;18.000;18.000;18.000;18.000;18.000;18.000;18.000;18.000;18.000;18.000;18.000;18.000
Minyak Goreng Kemasan Sederhana;19.000;19.000;19.000;19.000;19.000;19.000;19.000;19.000;19.000;19.000;19.000;19.000;19.000;19.000;18.000;18.000;19.000;19.000;18.000;18.000;18.000;18.000;18.000;17.000;18.000;18.000;18.000;18.000;17.000;17.000;17.000;17.000;17.000;17.000;17.000;17.000;17.000;17.000;17.000;17.000;17.000;17.000;17.000;17.000;18.000;17.000;17.000;17.000;17.000;17.000;17.000;17.000;-;17.000;17.000;15.000;17.000;17.000;17.000;17.000;17.000;17.000;17.000;17.000;17.000;17.000;17.000;17.000;17.000;17.000;17.000;17.000;17.000;17.000;17.000;17.000;17.000;17.000;17.000;17.000;17.000;17.000;17.000;17.000;17.000;17.000;-;17.000;17.000;17.500;17.500;17.500;17.500;17.500;17.500;17.000;17.500;17.500;17.500;17.500;17.500;17.500;17.500;17.500;17.500;17.500;17.500;17.500;17.500;17.500;17.500;17.500;17.500;13.500;17.500;17.500;17.500;17.500;17.500;17.500;17.500;17.500;17.500;17.500;17.500;17.500;17.500;17.500;17.500;17.500;17.500;17.500;17.500;17.500;17.500;17.500;17.500;17.500;17.500;17.500;17.500;17.500;17.500;17.500;17.500;17.500;17.500;17.500;-;17.500;17.500;17.500;15.000;15.000;16.000;16.000;15.000;16.000;16.000;16.000;16.000;16.000;16.000;-;16.000;16.000;16.000;16.000;16.000;16.000;16.000;16.000;16.000;16.000;16.000;16.000;16.000;16.000;16.000;16.000;16.000;16.000;16.000;-;16.000;16.000;16.000;16.000;-;16.000;16.000;16.000;16.000;16.000;16.000;16.000;16.000;16.000;16.000;16.000;-;16.000;16.000;16.000;16.000;16.000;16.000;16.000;16.000;16.000;16.000;16.000;16.000;16.000;16.000;16.000;16.000;16.000;16.000;16.000;16.000;16.000;16.000;16.000;16.000;16.000;16.000;16.000;16.000;16.000;17.000;16.000;16.000;16.000;16.000;16.000;16.000;16.000;16.000;16.000;16.000;16.000;16.000;16.000;16.000;16.000;-;16.000;16.000;16.000;16.000;16.000;16.000;-;16.000;16.000;16.000;16.000;16.000;16.000;16.000;16.000;16.000;16.000;16.000;16.000;16.000;16.000;16.000;16.000;16.000;-;16.000;16.000;16.000;16.000;16.000;16.000;16.000;16.000;16.000;16.000;16.000;16.000;16.000;16.000;16.000;16.000;16.000;16.000;16.000;16.000;16.000;16.000;16.000;16.000;16.000;16.000;16.000;16.000;16.000;16.000;16.000;16.000;16.000;16.000;16.000;16.000;16.000;16.000;16.000;16.000;16.000;16.000;16.000;16.000;16.000;16.000;16.000;16.000;16.000;16.000;16.000;16.000;16.000;16.000;16.000;16.000;16.000;16.000;16.000;16.000;16.000;16.000;16.000;16.000;16.000;16.000;13.500;13.500;16.000;16.000;16.000;16.000;16.000;16.000;16.000;16.000;16.000;16.000;16.000;16.000;16.000;16.000;16.000;16.000;16.000;16.000;16.000;16.000;17.000;16.000;-;16.000;16.000;16.000;16.000;16.000;16.000;16.000;16.000;16.000;16.000;16.000;16.000;16.000;14.500;14.850;-;14.800;-;14.800;-;14.200;14.200;14.200;-;14.200;14.200;14.800;14.600;14.600;14.700;15.000;15.000;15.000;15.000;15.000;15.000;15.000;15.000;15.000;15.000;15.000;15.000;15.000;15.000;15.000;15.000;15.000;15.000;15.000;15.000;15.000;15.000;15.000;15.000;15.000;15.000;15.000;15.000;15.500;15.500;15.500;15.500;15.500;15.500;15.500;15.500;15.500;15.500;15.500;15.500;15.500;15.500;15.600;15.700;15.700;15.700;15.500;-;15.500;15.500;15.500;15.500;15.500;15.500;15.500;15.700;15.700;16.000;16.000;16.000;16.000;16.000;16.000;16.000;16.000;16.000;16.000;-;16.000;16.000;16.000;16.000;16.000;17.000;17.000;17.000;16.000;17.000;16.000;16.000;16.000;-;-;16.000;16.000;16.000;16.000;16.000;16.000;16.000;16.000;16.000;16.000;16.000;16.000;16.000;16.000;16.000;16.000;16.000;16.000;16.000;16.000;16.000;16.000;16.000;16.000;16.000;16.000;16.000;16.000;16.000;16.000;16.000
Tepung Terigu (Curah);10.000;10.000;10.000;10.000;10.000;10.000;10.000;10.000;10.000;10.000;10.000;10.000;10.000;10.000;10.000;10.000;10.000;10.000;10.000;10.000;10.000;10.000;10.000;10.000;10.000;10.000;10.000;10.000;10.000;10.000;10.000;10.000;10.000;10.000;10.000;10.000;10.000;10.000;10.000;10.000;10.000;10.000;10.000;10.000;10.000;10.000;10.000;10.000;10.000;10.000;10.000;10.000;-;10.000;10.000;10.000;10.000;10.000;10.000;10.000;10.000;10.000;10.000;10.000;10.000;10.000;10.000;10.000;10.000;10.000;10.000;10.000;10.000;10.000;10.000;10.000;10.000;10.000;10.000;10.000;10.000;10.000;10.000;10.000;10.000;10.000;-;10.000;10.000;10.000;10.000;10.000;10.000;10.000;10.000;10.000;10.000;10.000;10.000;10.000;10.000;10.000;10.000;10.000;10.000;10.000;10.000;10.000;10.000;10.000;10.000;10.000;10.000;10.000;10.000;10.000;10.000;10.000;10.000;10.000;10.000;10.000;10.000;10.000;10.000;10.000;10.000;10.000;10.000;10.000;10.000;10.000;10.000;10.000;10.000;10.000;10.000;10.000;10.000;10.000;10.000;10.000;10.000;10.000;10.000;10.000;10.000;10.000;-;10.000;10.000;10.000;10.000;10.000;10.000;10.000;10.000;10.000;10.000;10.000;10.000;10.000;10.000;-;10.000;10.000;10.000;10.000;10.000;10.000;10.000;10.000;10.000;10.000;10.000;10.000;10.000;9.000;9.000;9.000;9.000;9.000;9.000;-;9.000;9.000;9.000;9.000;-;9.000;9.000;9.000;9.000;9.000;9.000;9.000;9.000;9.000;9.000;9.000;-;9.000;9.000;9.000;9.000;9.000;9.000;9.000;9.000;9.000;9.000;9.000;9.000;9.000;9.000;9.000;9.000;9.000;9.000;9.000;9.000;9.000;9.000;9.000;9.000;9.000;9.000;9.000;9.000;9.000;9.000;9.000;9.000;9.000;9.000;9.000;9.000;9.000;9.000;9.000;9.000;9.000;9.000;9.000;9.000;9.000;-;9.000;9.000;9.000;9.000;9.000;9.000;-;9.000;9.000;9.000;9.000;9.000;9.000;9.000;9.000;9.000;9.000;9.000;9.000;9.000;9.000;9.000;9.000;9.000;-;9.000;9.000;9.000;9.000;9.000;9.000;9.000;9.000;9.000;9.000;9.000;9.000;9.000;9.000;9.000;9.000;9.000;9.000;9.000;9.000;9.000;9.000;9.000;9.000;9.000;9.000;9.000;9.000;9.000;9.000;9.000;9.000;9.000;9.000;9.000;9.000;9.000;9.000;9.000;9.000;9.000;9.000;9.000;9.000;9.000;9.000;9.000;9.000;9.000;9.000;9.000;9.000;9.000;9.000;9.000;9.000;9.000;9.000;9.000;9.000;9.000;9.000;9.000;9.000;9.000;9.000;9.000;9.000;9.000;-;9.000;9.000;9.000;9.000;9.000;9.000;9.000;9.000;9.000;9.000;9.000;9.000;9.000;9.000;9.000;9.000;9.000;9.000;9.000;9.000;-;9.000;9.000;9.000;9.000;9.000;9.000;9.000;9.000;9.000;9.000;9.000;9.000;9.000;9.000;8.300;-;8.300;-;8.500;-;8.200;8.300;8.200;-;8.200;8.200;8.500;8.500;8.500;8.500;8.500;8.500;8.500;8.500;8.500;8.500;8.600;8.600;8.600;8.600;8.600;8.600;8.500;8.500;8.500;8.500;8.500;8.500;8.600;8.600;8.500;8.500;8.500;8.500;8.500;8.500;8.500;8.500;8.500;8.500;8.500;8.500;8.500;8.500;8.500;8.500;8.500;8.500;8.500;8.500;8.500;8.500;8.500;8.500;8.500;8.500;8.500;-;8.500;8.500;8.500;8.500;8.500;8.500;8.500;8.500;8.500;8.500;8.500;8.500;8.500;8.500;8.500;8.500;8.500;8.500;8.500;-;8.500;8.500;8.500;8.500;8.500;8.500;8.500;8.500;8.500;8.500;8.500;8.500;8.500;-;-;8.500;8.500;8.500;8.500;8.500;8.500;8.500;8.500;8.500;8.500;8.500;8.500;8.500;8.500;8.500;8.500;8.500;8.500;8.500;8.500;8.500;8.500;8.500;8.500;8.500;8.500;8.500;8.500;8.500;8.500;8.500
Minyak Goreng Curah;15.000;15.000;15.000;15.000;15.000;15.000;15.000;15.000;15.000;15.000;15.000;15.000;15.000;15.000;15.000;15.000;15.000;18.000;15.000;15.000;15.000;15.000;15.000;15.000;15.000;15.000;15.000;15.000;15.000;15.000;10.000;15.000;15.000;16.000;10.000;16.000;16.000;15.000;15.000;15.000;15.000;15.000;15.000;15.000;15.000;10.000;15.000;15.000;15.000;15.000;15.000;15.000;-;15.000;15.000;15.000;15.000;15.000;15.000;15.000;15.000;15.000;15.000;15.000;15.000;10.000;15.000;15.000;15.000;15.000;15.000;14.000;17.000;14.000;15.000;14.000;14.000;17.000;14.000;15.000;15.000;15.000;14.000;14.000;14.000;14.000;-;14.000;14.000;14.000;14.000;14.000;14.000;14.000;14.000;14.000;14.000;14.000;14.000;14.000;14.000;14.000;14.000;14.000;14.000;14.000;14.000;14.000;14.000;14.000;14.000;14.000;14.000;14.000;14.000;14.000;14.000;14.000;14.000;14.000;14.000;14.000;14.000;14.000;14.000;14.000;14.000;14.000;14.000;14.000;14.000;14.000;14.000;14.000;14.000;14.000;14.000;14.000;14.000;14.000;14.000;14.000;14.000;14.000;14.000;14.000;14.000;14.000;-;14.000;14.000;14.000;13.500;13.500;13.500;13.500;13.000;13.500;13.500;13.500;13.500;13.500;13.500;-;13.500;13.500;13.500;13.500;13.500;13.500;13.500;13.500;13.500;13.500;13.500;13.500;13.500;13.500;13.500;13.500;13.500;13.500;13.500;-;13.500;13.500;13.500;13.500;-;13.500;13.500;13.500;13.500;13.500;13.500;16.000;13.500;13.500;13.500;13.500;-;13.500;13.500;13.500;13.500;13.500;13.500;13.500;13.500;13.500;13.500;13.500;13.500;13.500;13.500;13.500;13.500;13.500;13.500;13.500;13.500;13.500;13.500;13.500;13.500;13.500;13.500;13.500;13.500;13.500;13.500;13.500;13.500;13.500;13.500;13.500;13.500;13.500;13.500;13.500;13.500;13.500;13.500;13.500;13.500;13.500;-;13.500;13.500;13.500;13.500;13.500;13.500;-;13.500;13.500;13.500;13.500;16.000;13.500;13.500;13.500;13.500;13.500;13.500;13.500;13.500;13.500;13.500;13.500;13.500;-;13.500;13.500;13.000;13.500;13.500;13.500;13.500;13.500;13.500;16.000;13.500;13.500;13.500;13.500;13.500;13.500;13.000;13.000;13.000;13.000;13.000;13.000;13.000;13.000;13.000;13.000;13.000;13.000;13.000;13.000;13.000;13.500;13.500;13.500;13.500;13.000;13.500;13.500;13.500;13.500;13.500;13.500;13.500;13.500;13.500;13.500;13.500;13.500;13.500;13.500;13.500;13.500;13.500;13.500;13.500;13.500;13.500;13.500;13.500;13.500;13.500;13.500;13.500;13.500;13.500;13.500;13.500;13.000;13.500;13.500;13.500;13.500;13.500;14.000;14.000;14.000;14.000;14.000;14.000;14.000;14.000;16.000;14.000;13.500;14.000;14.000;14.000;14.000;14.000;14.000;-;14.000;14.000;14.000;14.000;14.000;14.000;14.000;14.000;14.000;14.000;14.000;14.000;14.000;13.500;13.700;-;13.600;-;13.750;-;13.700;12.300;13.300;-;13.200;13.200;13.900;14.250;14.250;14.300;14.300;14.300;14.300;14.300;14.300;14.500;14.700;14.700;14.500;14.300;14.300;14.300;14.000;14.000;14.000;14.000;14.000;14.000;14.000;14.500;14.000;14.000;14.000;15.000;15.000;15.000;15.000;15.000;15.000;15.000;15.000;15.000;15.000;15.000;15.000;15.000;14.750;15.000;14.500;14.500;14.500;15.000;15.000;15.000;15.000;15.000;15.000;-;15.000;15.000;15.000;15.000;15.000;15.500;15.500;15.500;15.500;15.500;15.500;16.000;16.000;16.000;16.000;16.000;16.000;16.000;16.000;-;16.000;16.000;16.000;16.000;16.000;15.000;15.000;15.000;16.000;16.000;16.000;16.000;16.000;-;-;16.000;16.000;16.000;16.000;16.000;16.000;16.000;16.000;16.000;16.000;16.000;15.500;15.500;15.500;15.500;15.500;15.500;15.500;15.500;15.500;15.500;15.500;15.500;15.500;15.500;15.500;15.500;15.500;15.500;15.500;15.500
Jagung Tk Peternak;6.000;6.000;6.000;6.000;6.000;6.000;6.000;6.000;6.000;6.000;6.000;6.000;6.000;6.000;6.000;6.000;6.000;6.000;6.000;6.000;6.000;6.000;6.000;6.000;6.000;5.000;5.000;5.000;5.000;5.000;5.000;5.000;5.000;5.000;5.000;5.000;5.000;5.000;5.000;5.000;5.000;5.000;5.000;5.000;5.000;5.000;5.000;5.000;5.000;5.000;5.000;5.000;-;5.000;5.000;5.000;5.000;5.000;5.000;5.000;5.000;5.000;5.000;5.000;5.000;5.000;5.000;5.000;5.000;5.000;5.000;5.000;5.000;5.000;5.000;5.000;5.000;5.000;5.000;5.000;5.000;5.000;5.000;5.000;5.000;5.000;-;5.000;5.000;5.000;5.000;5.000;5.000;5.000;5.000;5.000;5.000;5.000;5.000;5.000;5.000;5.000;5.000;5.000;5.000;5.000;5.000;5.000;6.000;6.000;6.000;6.000;6.000;6.000;6.000;6.000;6.000;6.000;6.000;6.000;6.000;6.000;6.000;6.000;6.000;6.000;6.000;6.000;6.000;6.000;6.000;6.000;6.000;6.000;6.000;6.000;6.000;6.000;6.000;6.000;6.000;8.000;7.000;7.000;7.000;7.000;7.000;7.000;-;7.000;7.000;7.000;7.000;7.000;7.000;7.000;7.000;7.000;7.000;7.000;7.000;7.000;7.000;-;7.000;7.000;7.000;7.000;7.000;8.000;8.000;8.000;8.000;8.000;8.000;8.000;8.000;8.000;-;-;-;-;-;-;-;-;-;-;-;-;-;-;-;-;-;-;-;-;-;-;-;-;-;-;-;-;-;-;-;-;-;-;-;-;-;-;-;-;-;-;-;-;-;-;-;-;-;-;-;-;-;-;-;-;-;-;-;-;-;-;-;-;-;-;-;-;-;-;-;-;-;-;-;-;-;-;-;-;-;-;-;-;-;-;-;-;-;-;-;-;-;-;-;-;-;-;-;-;-;-;-;-;-;-;-;-;-;-;-;-;-;-;-;-;-;-;-;-;-;-;-;-;-;-;-;-;-;-;-;-;-;-;-;-;-;-;-;-;-;-;-;-;-;-;-;-;-;-;-;-;-;-;-;-;-;-;-;-;-;-;-;-;-;-;-;-;-;-;-;-;-;-;-;-;-;-;-;-;-;-;-;-;-;-;-;-;-;-;-;-;-;-;-;-;-;-;-;-;-;-;-;-;-;8.500;8.750;8.750;-;8.800;8.800;9.400;9.400;9.400;9.400;9.400;9.400;9.400;9.500;9.500;9.000;9.000;9.100;9.100;9.100;9.400;9.400;9.100;9.100;9.100;9.100;9.100;9.100;9.200;9.200;9.600;9.600;9.600;9.650;9.650;9.650;9.900;9.900;9.900;9.900;9.900;9.900;9.900;9.900;9.900;10.000;10.000;10.000;10.000;10.000;10.000;10.000;10.000;10.000;10.000;10.000;10.000;-;10.000;10.000;10.000;10.000;10.000;10.000;10.000;9.800;5.750;5.750;5.750;5.750;5.750;5.750;6.000;6.000;6.000;6.000;6.000;-;6.000;5.500;5.500;5.500;5.500;5.500;5.500;5.500;5.500;5.500;5.500;5.500;5.500;-;-;-;6.000;6.000;6.000;6.000;6.000;6.000;6.000;6.000;5.900;5.900;5.900;5.900;5.900;5.900;5.900;5.900;5.900;5.900;5.900;5.500;5.500;5.500;5.500;5.500;5.500;5.500;5.500;5.500;5.500;5.500
Ikan Kembung;-;-;-;-;-;-;-;-;-;-;-;-;-;45.000;45.000;45.000;45.000;45.000;42.000;42.000;42.000;42.000;42.000;42.000;42.000;42.000;42.000;42.000;42.000;42.000;42.000;42.000;42.000;42.000;42.000;42.000;42.000;42.000;42.000;42.000;42.000;42.000;42.000;42.000;42.000;42.000;42.000;42.000;42.000;42.000;42.000;42.000;-;42.000;42.000;42.000;42.000;42.000;42.000;42.000;42.000;42.000;42.000;42.000;40.000;42.000;40.000;40.000;40.000;40.000;40.000;44.000;44.000;44.000;44.000;44.000;44.000;44.000;44.000;44.000;44.000;44.000;44.000;44.000;42.000;44.000;-;44.000;44.000;44.000;44.000;44.000;44.000;44.000;44.000;44.000;44.000;44.000;44.000;44.000;44.000;44.000;44.000;44.000;44.000;44.000;44.000;44.000;44.000;44.000;44.000;44.000;44.000;44.000;44.000;44.000;40.000;44.000;44.000;40.000;40.000;40.000;42.000;42.000;42.000;42.000;42.000;42.000;40.000;40.000;40.000;40.000;40.000;40.000;36.000;36.000;36.000;36.000;36.000;36.000;36.000;40.000;38.000;38.000;38.000;38.000;38.000;38.000;-;38.000;38.000;38.000;38.000;38.000;38.000;38.000;38.000;38.000;38.000;40.000;40.000;40.000;40.000;-;40.000;40.000;40.000;40.000;40.000;36.000;38.000;36.000;36.000;36.000;36.000;36.000;36.000;34.000;36.000;36.000;36.000;38.000;36.000;-;40.000;38.000;38.000;38.000;-;38.000;38.000;38.000;38.000;38.000;38.000;38.000;38.000;38.000;38.000;38.000;-;38.000;38.000;38.000;38.000;38.000;38.000;38.000;38.000;38.000;38.000;38.000;38.000;38.000;38.000;38.000;38.000;38.000;38.000;36.000;36.000;36.000;36.000;36.000;36.000;36.000;40.000;40.000;40.000;40.000;40.000;40.000;40.000;40.000;40.000;40.000;40.000;40.000;40.000;40.000;36.000;36.000;36.000;36.000;36.000;36.000;-;36.000;36.000;36.000;36.000;36.000;36.000;-;36.000;36.000;36.000;36.000;36.000;36.000;36.000;36.000;36.000;36.000;36.000;36.000;36.000;36.000;36.000;36.000;35.000;-;35.000;35.000;35.000;35.000;35.000;35.000;35.000;35.000;35.000;35.000;35.000;35.000;35.000;35.000;35.000;36.000;36.000;36.000;36.000;35.000;36.000;36.000;36.000;36.000;36.000;36.000;36.000;36.000;36.000;36.000;36.000;36.000;36.000;36.000;36.000;36.000;36.000;36.000;36.000;36.000;36.000;34.000;36.000;36.000;36.000;34.000;34.000;34.000;34.000;34.000;34.000;34.000;36.000;36.000;36.000;36.000;36.000;36.000;36.000;32.000;34.000;34.000;34.000;36.000;34.000;34.000;36.000;36.000;36.000;36.000;36.000;36.000;36.000;34.000;36.000;36.000;36.000;36.000;36.000;36.000;36.000;35.000;36.000;36.000;36.000;36.000;36.000;36.000;36.000;36.000;-;36.000;36.000;36.000;32.000;32.000;32.000;32.000;32.000;32.000;32.000;36.000;36.000;36.000;42.000;42.000;-;42.000;-;36.000;-;37.000;39.000;39.000;-;39.000;39.000;39.000;40.000;40.000;40.000;40.000;40.000;38.000;38.000;38.000;34.000;34.000;34.000;40.000;40.000;40.000;40.000;37.000;38.500;38.500;38.500;38.500;38.500;38.250;38.250;38.250;38.500;38.500;39.250;39.250;39.250;40.000;40.000;40.000;40.000;40.000;40.000;37.000;37.000;37.000;37.000;37.000;37.000;38.000;38.000;38.000;38.000;38.000;38.000;36.000;36.000;36.000;-;36.000;36.000;36.000;36.000;36.000;36.000;36.500;36.500;36.500;36.500;36.500;36.000;36.000;36.000;36.000;36.000;36.000;36.000;36.000;-;36.000;36.000;36.000;36.000;36.000;36.000;36.000;36.000;38.000;38.000;36.000;36.000;-;-;-;-;-;36.000;36.000;42.000;42.000;42.000;43.000;43.000;43.000;43.000;43.000;43.000;43.000;38.000;38.000;38.000;38.000;38.000;38.000;38.000;38.000;38.000;38.000;38.000;38.000;38.000;38.000;38.000;38.000;38.000
Ikan Tongkol;-;-;-;-;-;-;-;-;-;-;-;-;-;-;38.000;38.000;38.000;38.000;38.000;38.000;38.000;38.000;38.000;38.000;38.000;38.000;38.000;38.000;38.000;38.000;38.000;38.000;38.000;38.000;38.000;38.000;38.000;38.000;38.000;38.000;38.000;38.000;38.000;38.000;38.000;38.000;38.000;38.000;38.000;38.000;38.000;38.000;-;38.000;40.000;40.000;40.000;40.000;40.000;40.000;40.000;40.000;40.000;40.000;40.000;40.000;40.000;40.000;40.000;40.000;40.000;42.000;42.000;42.000;42.000;42.000;42.000;42.000;42.000;42.000;42.000;42.000;42.000;42.000;40.000;42.000;-;40.000;40.000;40.000;40.000;40.000;40.000;40.000;28.000;38.000;38.000;38.000;38.000;38.000;38.000;38.000;38.000;38.000;38.000;38.000;38.000;38.000;38.000;38.000;38.000;38.000;40.000;38.000;38.000;38.000;38.000;38.000;38.000;38.000;38.000;40.000;40.000;40.000;40.000;40.000;40.000;40.000;40.000;40.000;40.000;40.000;40.000;40.000;32.000;32.000;32.000;32.000;32.000;32.000;32.000;38.000;36.000;36.000;36.000;36.000;36.000;36.000;-;36.000;36.000;36.000;36.000;36.000;36.000;36.000;38.000;38.000;38.000;38.000;36.000;38.000;38.000;-;36.000;36.000;36.000;36.000;38.000;36.000;36.000;36.000;36.000;36.000;36.000;36.000;36.000;35.000;36.000;36.000;36.000;36.000;36.000;-;35.000;35.000;36.000;36.000;-;36.000;36.000;36.000;36.000;36.000;36.000;36.000;36.000;36.000;36.000;36.000;-;36.000;36.000;36.000;36.000;36.000;36.000;36.000;36.000;36.000;36.000;36.000;36.000;36.000;36.000;36.000;36.000;36.000;36.000;32.000;32.000;32.000;32.000;32.000;32.000;32.000;36.000;36.000;36.000;36.000;36.000;36.000;26.000;36.000;36.000;36.000;36.000;36.000;36.000;36.000;36.000;36.000;36.000;36.000;36.000;36.000;-;36.000;36.000;36.000;36.000;36.000;36.000;-;38.000;38.000;38.000;38.000;38.000;38.000;38.000;38.000;38.000;38.000;38.000;38.000;38.000;38.000;38.000;38.000;36.000;-;36.000;36.000;36.000;36.000;36.000;36.000;36.000;36.000;36.000;36.000;36.000;36.000;36.000;36.000;36.000;38.000;38.000;38.000;38.000;38.000;38.000;38.000;38.000;38.000;38.000;38.000;38.000;38.000;38.000;38.000;38.000;38.000;38.000;38.000;38.000;38.000;38.000;38.000;38.000;38.000;38.000;38.000;38.000;38.000;38.000;32.000;32.000;32.000;32.000;32.000;32.000;32.000;36.000;36.000;36.000;36.000;36.000;36.000;36.000;30.000;32.000;32.000;32.000;32.000;32.000;32.000;36.000;36.000;36.000;36.000;36.000;36.000;36.000;34.000;36.000;36.000;36.000;36.000;36.000;36.000;34.000;35.000;36.000;36.000;36.000;36.000;36.000;36.000;36.000;36.000;-;36.000;36.000;36.000;32.000;32.000;32.000;32.000;32.000;32.000;32.000;34.000;32.000;32.000;35.000;35.000;-;35.000;-;32.500;-;39.500;35.000;35.000;-;35.000;35.000;35.000;35.000;35.000;35.000;35.000;35.000;35.000;35.000;35.000;30.000;30.000;30.000;35.000;35.000;35.000;35.000;32.500;33.750;33.750;33.700;33.750;33.750;32.880;32.880;32.000;33.000;33.000;34.000;34.000;34.000;35.000;35.000;35.000;35.000;35.000;35.000;32.500;32.500;32.500;32.500;32.500;32.500;35.000;35.000;35.000;35.000;35.000;35.000;30.000;30.000;30.000;-;30.000;30.000;38.000;38.000;38.000;38.000;38.000;38.000;34.000;32.000;32.000;34.000;34.000;34.000;34.000;34.000;34.000;34.000;34.000;-;34.000;34.000;34.000;34.000;34.000;34.000;34.000;34.000;35.000;35.000;34.000;34.000;-;-;-;-;-;34.000;34.000;35.000;35.000;35.000;36.000;36.000;36.000;36.000;36.000;36.000;36.000;32.500;32.500;32.500;32.500;32.500;32.500;32.500;32.500;32.500;32.500;32.500;32.500;32.500;32.500;32.500;32.500;32.500
Ikan Bandeng;-;-;-;-;-;-;-;-;-;-;-;-;-;-;40.000;40.000;42.000;42.000;40.000;40.000;40.000;40.000;40.000;42.000;42.000;42.000;42.000;42.000;42.000;42.000;42.000;42.000;42.000;42.000;42.000;42.000;42.000;42.000;42.000;42.000;42.000;42.000;42.000;42.000;42.000;42.000;42.000;42.000;42.000;42.000;42.000;42.000;-;42.000;40.000;40.000;40.000;40.000;42.000;40.000;40.000;40.000;40.000;40.000;42.000;40.000;42.000;42.000;42.000;42.000;42.000;42.000;42.000;42.000;42.000;42.000;42.000;42.000;44.000;42.000;42.000;42.000;42.000;42.000;44.000;42.000;-;42.000;42.000;42.000;42.000;42.000;42.000;42.000;42.000;42.000;40.000;40.000;40.000;40.000;40.000;40.000;40.000;40.000;42.000;42.000;40.000;40.000;40.000;40.000;40.000;40.000;44.000;44.000;44.000;44.000;44.000;42.000;40.000;44.000;44.000;40.000;42.000;42.000;42.000;42.000;42.000;42.000;42.000;42.000;42.000;42.000;42.000;42.000;44.000;44.000;44.000;44.000;44.000;44.000;44.000;44.000;44.000;44.000;44.000;44.000;44.000;44.000;-;44.000;44.000;44.000;44.000;44.000;44.000;44.000;44.000;44.000;44.000;44.000;44.000;44.000;44.000;-;44.000;44.000;44.000;44.000;44.000;44.000;44.000;44.000;44.000;44.000;44.000;44.000;44.000;40.000;40.000;40.000;40.000;40.000;40.000;-;40.000;40.000;40.000;40.000;-;40.000;40.000;40.000;40.000;40.000;40.000;40.000;40.000;40.000;40.000;40.000;-;40.000;40.000;40.000;40.000;40.000;40.000;40.000;40.000;40.000;40.000;40.000;40.000;40.000;40.000;40.000;40.000;40.000;40.000;42.000;42.000;42.000;42.000;42.000;42.000;42.000;44.000;44.000;44.000;44.000;44.000;44.000;44.000;42.000;44.000;44.000;44.000;44.000;44.000;44.000;40.000;40.000;40.000;40.000;40.000;40.000;-;40.000;40.000;40.000;40.000;40.000;40.000;-;40.000;40.000;40.000;40.000;40.000;40.000;40.000;40.000;40.000;40.000;40.000;40.000;40.000;40.000;40.000;40.000;42.000;-;42.000;42.000;42.000;42.000;42.000;42.000;42.000;42.000;42.000;42.000;42.000;42.000;42.000;42.000;42.000;44.000;44.000;44.000;44.000;44.000;44.000;44.000;44.000;44.000;44.000;44.000;44.000;44.000;44.000;44.000;44.000;44.000;44.000;44.000;44.000;44.000;44.000;44.000;44.000;44.000;44.000;44.000;44.000;44.000;44.000;44.000;44.000;44.000;44.000;44.000;44.000;44.000;42.000;42.000;42.000;42.000;42.000;42.000;42.000;44.000;44.000;44.000;44.000;44.000;44.000;44.000;42.000;42.000;42.000;42.000;42.000;42.000;42.000;44.000;44.000;44.000;44.000;44.000;44.000;44.000;44.000;42.000;42.000;42.000;42.000;42.000;42.000;42.000;42.000;42.000;-;42.000;42.000;42.000;42.000;42.000;42.000;42.000;42.000;42.000;42.000;44.000;44.000;44.000;43.000;45.000;-;45.000;-;45.000;-;45.000;45.000;45.000;-;45.000;45.000;45.000;45.000;45.000;45.000;45.000;45.000;44.000;44.000;44.000;44.000;40.000;40.000;46.000;45.000;46.000;46.000;39.000;42.000;42.000;42.000;42.000;42.000;41.000;41.000;41.000;41.000;42.000;44.000;44.000;44.000;46.000;46.000;46.000;46.000;46.000;46.000;45.000;45.000;45.000;45.000;45.000;45.000;40.000;40.000;40.000;40.000;40.000;40.000;44.000;44.000;44.000;-;44.000;44.000;44.000;44.000;44.000;44.000;45.000;45.000;45.000;44.000;45.000;44.000;44.000;44.000;44.000;44.000;44.000;44.000;44.000;-;44.000;44.000;44.000;44.000;44.000;44.000;44.000;44.000;44.000;44.000;44.000;44.000;-;-;-;-;-;44.000;44.000;46.000;46.000;46.000;47.000;47.000;47.000;47.000;45.500;45.000;46.000;42.500;42.500;42.500;42.500;42.500;42.500;42.500;42.500;42.500;42.500;42.500;42.500;42.500;42.500;42.500;42.500;42.500
Garam Halus Beryodium;-;-;-;-;-;-;-;-;-;-;-;-;-;-;-;-;-;-;-;-;-;-;-;-;-;-;-;-;-;-;-;-;-;-;-;-;-;-;-;-;-;-;-;-;-;-;-;-;-;-;-;-;-;-;-;-;-;-;-;-;-;-;-;-;-;-;-;-;-;-;-;-;-;-;-;-;-;-;-;-;-;-;-;-;-;-;-;-;-;-;-;-;-;-;-;-;-;-;-;-;-;-;-;-;-;10.000;10.000;10.000;10.000;10.000;10.000;10.000;10.000;10.000;10.000;10.000;10.000;10.000;10.000;10.000;10.000;10.000;10.000;10.000;10.000;10.000;10.000;10.000;10.000;10.000;10.000;10.000;10.000;10.000;10.000;10.000;10.000;10.000;10.000;10.000;10.000;10.000;10.000;10.000;10.000;10.000;10.000;10.000;-;10.000;10.000;10.000;10.000;10.000;10.000;10.000;10.000;10.000;10.000;10.000;10.000;10.000;10.000;-;10.000;10.000;10.000;10.000;10.000;10.000;10.000;10.000;10.000;10.000;10.000;10.000;10.000;10.000;10.000;10.000;10.000;10.000;10.000;-;10.000;10.000;10.000;10.000;-;10.000;10.000;9.000;10.000;10.000;10.000;10.000;10.000;10.000;10.000;10.000;-;10.000;10.000;10.000;10.000;10.000;10.000;10.000;10.000;10.000;10.000;10.000;10.000;10.000;10.000;10.000;10.000;10.000;10.000;10.000;10.000;10.000;10.000;10.000;10.000;10.000;10.000;10.000;10.000;10.000;10.000;10.000;10.000;10.000;10.000;10.000;10.000;10.000;10.000;10.000;10.000;10.000;10.000;10.000;10.000;10.000;-;10.000;10.000;10.000;10.000;10.000;10.000;-;10.000;10.000;10.000;10.000;10.000;10.000;10.000;10.000;10.000;10.000;10.000;10.000;10.000;10.000;10.000;10.000;10.000;-;10.000;10.000;10.000;10.000;10.000;10.000;10.000;10.000;10.000;10.000;10.000;10.000;10.000;10.000;10.000;10.000;10.000;10.000;10.000;10.000;10.000;10.000;10.000;10.000;10.000;10.000;10.000;10.000;10.000;10.000;10.000;10.000;10.000;10.000;10.000;10.000;10.000;10.000;10.000;10.000;10.000;10.000;10.000;10.000;10.000;10.000;10.000;10.000;10.000;10.000;10.000;10.000;10.000;10.000;10.000;10.000;10.000;10.000;10.000;10.000;10.000;10.000;10.000;10.000;10.000;10.000;10.000;10.000;10.000;10.000;10.000;10.000;10.000;10.000;10.000;10.000;10.000;10.000;10.000;12.000;12.000;12.000;12.000;12.000;12.000;12.000;12.000;12.000;12.000;12.000;-;12.000;12.000;12.000;12.000;12.000;12.000;12.000;12.000;12.000;12.000;12.000;12.000;12.000;12.000;10.000;-;10.000;-;10.700;-;10.000;10.000;10.000;-;10.000;10.000;10.000;10.000;10.000;10.000;10.000;10.000;10.000;10.000;10.000;10.000;10.000;10.000;10.000;10.000;10.000;10.000;10.000;10.000;10.000;10.000;10.000;10.000;10.000;10.000;10.000;10.000;10.000;10.000;10.000;10.000;10.000;10.000;10.000;10.000;10.000;10.000;10.000;10.000;10.000;10.000;10.000;10.000;10.000;10.000;10.000;10.000;10.000;10.000;10.000;10.000;10.000;-;10.000;10.000;10.000;10.000;10.000;10.000;10.000;10.000;10.000;10.000;10.000;10.000;10.000;10.000;10.000;10.000;10.000;10.000;10.000;-;10.000;10.000;10.000;10.000;10.000;10.000;10.000;10.000;10.000;10.000;10.000;10.000;10.000;-;-;10.000;10.000;10.000;10.000;10.000;10.000;10.000;10.000;10.000;10.000;10.000;10.000;10.000;10.000;10.000;10.000;10.000;10.000;10.000;10.000;10.000;10.000;10.000;10.000;10.000;10.000;10.000;10.000;10.000;10.000;10.000
Tepung Terigu Kemasan (non-curah);-;-;-;-;-;-;-;-;-;-;-;-;-;-;-;-;-;-;-;-;-;-;-;-;-;-;-;-;-;-;-;-;-;-;-;-;-;-;-;-;-;-;-;-;-;-;-;-;-;-;-;-;-;-;-;-;-;-;-;-;-;-;-;-;-;-;-;-;-;-;-;-;-;-;-;-;-;-;-;-;-;-;-;-;-;-;-;-;-;-;-;-;-;-;-;-;-;-;-;-;-;-;-;-;-;-;12.500;12.500;12.500;12.500;12.500;12.500;12.500;12.500;12.500;12.500;12.500;12.500;12.500;12.500;12.500;12.500;12.500;12.500;12.500;12.500;12.500;12.500;12.500;12.500;12.500;12.500;12.500;12.500;12.500;12.500;12.000;12.500;12.500;12.500;12.500;12.500;12.500;12.500;12.500;12.500;12.500;12.500;-;12.500;12.500;12.500;12.500;12.500;12.500;12.500;12.500;12.500;12.500;12.500;12.500;12.500;12.500;-;12.500;12.500;12.500;12.500;12.500;12.000;12.000;12.000;12.000;12.000;12.000;12.000;12.000;12.000;12.000;12.000;12.000;12.000;12.000;-;12.000;12.000;12.000;12.000;-;12.000;12.000;12.000;12.000;12.000;12.000;12.000;12.000;12.000;12.000;12.000;-;12.000;12.000;12.000;12.000;12.000;12.000;12.000;12.000;12.000;12.000;12.000;12.000;12.000;12.000;12.000;12.000;12.000;12.000;12.000;11.500;11.500;11.500;11.500;11.500;12.000;11.500;11.500;11.500;11.500;11.500;11.500;11.500;12.500;11.500;11.500;11.500;11.500;11.500;11.500;11.500;11.500;11.500;11.500;11.500;11.500;-;11.500;11.500;11.500;11.500;11.500;11.500;-;11.500;11.500;11.500;11.500;11.500;11.500;11.500;11.500;11.500;11.500;11.500;11.500;11.500;11.500;11.500;11.500;11.500;-;11.500;11.500;11.500;11.500;11.500;11.500;11.500;11.500;11.500;11.500;11.500;11.500;11.500;11.500;11.500;11.500;11.500;11.500;11.500;11.500;11.500;11.500;11.500;11.500;11.500;11.500;11.500;11.500;11.500;11.500;11.500;11.500;11.500;11.500;11.500;11.500;11.500;11.500;12.000;12.000;12.000;12.000;12.000;12.000;12.000;12.000;12.000;12.000;12.000;12.000;12.000;12.000;12.000;12.000;12.000;12.000;12.000;12.000;12.000;12.000;12.000;12.000;12.000;12.000;12.000;12.000;12.000;12.000;12.000;12.000;12.000;12.000;12.000;12.000;12.000;12.000;12.000;12.000;12.000;12.000;12.000;12.000;12.000;12.000;12.000;12.000;12.000;12.000;12.000;12.000;-;12.000;12.000;12.000;12.000;12.000;12.000;12.000;12.000;12.000;12.000;12.000;12.000;12.000;12.000;11.300;-;11.300;-;11.700;-;11.500;11.700;11.700;-;11.700;11.700;11.700;11.700;11.700;11.700;11.700;11.700;11.700;11.700;11.700;8.500;12.000;12.000;12.000;12.000;11.700;11.700;11.500;11.500;11.500;11.500;11.500;11.500;11.500;11.500;11.500;11.500;11.500;11.500;11.500;11.500;11.500;11.500;11.500;11.500;11.500;11.500;11.500;11.500;11.500;11.500;11.500;11.500;11.500;11.500;11.500;11.500;11.500;11.500;11.500;11.500;11.500;-;11.500;11.500;11.500;11.500;11.500;11.500;11.500;11.500;11.500;11.500;11.500;11.500;11.500;11.500;11.500;11.500;11.500;11.500;11.500;-;11.500;11.500;11.500;11.500;11.500;11.500;11.500;11.500;12.000;12.000;12.000;12.000;12.000;-;-;12.000;12.000;12.000;12.000;12.000;12.000;12.000;12.000;12.000;12.000;12.000;12.000;12.000;12.000;12.000;12.000;12.000;12.000;12.000;12.000;12.000;12.000;12.000;12.000;12.000;12.000;12.000;12.000;12.000;12.000;12.000
